State Name,American Indian/Alaska Native Students ,Asian or Asian/Pacific Islander Students ,Black Students ,Hispanic Students ,White Students ,Hawaiian Nat./Pacific Isl. Students ,Two or More Races Students,Year
ALABAMA,6105,9385,261031,31795,437457,†,†,2010
ALASKA,30312,7831,4959,7684,70055,2659,8161,2010
AMERICAN SAMOA,–,–,–,–,–,†,†,2010
ARIZONA,58777,33531,64371,446146,475006,†,†,2010
ARKANSAS,3385,6622,105097,44404,313909,2137,5005,2010
BUREAU OF INDIAN EDUCATION,41351,0,0,0,0,†,†,2010
CALIFORNIA,44927,683318,424518,3119111,1673567,37014,209200,2010
COLORADO,9604,30820,49413,237797,504734,†,†,2010
CONNECTICUT,2157,24597,78434,99379,359401,†,†,2010
DELAWARE,450,4393,42212,14331,65415,†,†,2010
DISTRICT OF COLUMBIA,42,1109,55635,7999,4621,†,†,2010
DODDS (DOMESTIC),–,–,–,–,–,†,†,2010
DODDS (OVERSEAS),–,–,–,–,–,†,†,2010
FLORIDA,9143,67852,608057,692458,1167405,†,†,2010
GEORGIA,4445,53521,623586,188411,749829,1508,46385,2010
GUAM,–,–,–,–,–,†,†,2010
HAWAII,1082,131083,4170,8309,35552,†,†,2010
IDAHO,4575,4952,3238,41384,222150,†,†,2010
ILLINOIS,4784,88064,398093,444007,1107656,†,†,2010
INDIANA,2904,16542,128213,74305,777969,†,†,2010
IOWA,2521,9527,25207,39604,404498,571,9914,2010
KANSAS,5926,11329,36363,74676,326676,623,18896,2010
KENTUCKY,926,8361,72890,21862,559614,†,†,2010
LOUISIANA,5716,10269,317759,22112,335059,†,†,2010
MAINE,1363,3264,5497,2309,176792,†,†,2010
MARYLAND,3671,52156,321650,85153,385782,†,†,2010
MASSACHUSETTS,2532,50801,78044,141933,661292,1086,21365,2010
MICHIGAN,14423,44286,331015,80138,1158078,†,†,2010
MINNESOTA,18375,52924,81262,56429,628063,†,†,2010
MISSISSIPPI,936,4444,246652,11051,226855,56,2487,2010
MISSOURI,4289,18069,163176,37290,695158,†,†,2010
MONTANA,16724,1769,1614,3916,117784,†,†,2010
NEBRASKA,5144,6443,23679,42190,217912,†,†,2010
NEVADA,6391,35365,48752,160962,177477,†,†,2010
NEW HAMPSHIRE,676,4912,4008,6934,179101,109,1400,2010
NEW JERSEY,2749,118003,238433,287900,740318,2631,5995,2010
NEW MEXICO,34907,4158,7026,200223,85425,56,2624,2010
NEW YORK,13285,219562,525697,597299,1397736,†,†,2010
NORTH CAROLINA,20965,37891,460080,164734,798463,†,†,2010
NORTH DAKOTA,8929,1168,2247,2368,80361,†,†,2010
NORTHERN MARIANAS,0,10897,0,0,64,†,†,2010
OHIO,2485,29430,287747,50753,1321407,†,†,2010
OKLAHOMA,126078,14432,71714,73107,369471,†,†,2010
OREGON,10850,25927,15485,109842,379036,†,†,2010
PENNSYLVANIA,2836,54390,278935,139265,1288746,†,†,2010
PUERTO RICO,67,103,126,492543,554,†,†,2010
RHODE ISLAND,1237,4878,13367,26921,98715,†,†,2010
SOUTH CAROLINA,3010,11845,276273,41416,386345,†,†,2010
SOUTH DAKOTA,14814,1714,3158,3449,100578,†,†,2010
TENNESSEE,2105,17033,236659,53911,662841,†,†,2010
TEXAS,26888,170874,643021,2436957,1572470,†,†,2010
U.S. VIRGIN ISLANDS,22,48,12814,2405,204,†,†,2010
UTAH,8180,19562,8563,83028,448903,†,†,2010
VERMONT,189,1362,1659,1135,85510,66,1530,2010
VIRGINIA,3998,74023,316923,116887,697491,†,†,2010
WASHINGTON,25112,91057,58274,165087,662211,†,†,2010
WEST VIRGINIA,324,1998,14997,2935,261120,25,1263,2010
WISCONSIN,13045,32151,91069,73472,662699,†,†,2010
WYOMING,2803,693,1032,10630,71799,105,1093,2010
ALABAMA,6338,10198,247349,45689,418822,606,15162,2015
ALASKA,30966,8105,4351,8699,63632,3379,12044,2015
ARIZONA,52372,30839,58241,494938,445012,3163,27130,2015
ARKANSAS,3134,7516,102685,58218,306458,3093,9813,2015
BUREAU OF INDIAN EDUCATION,–,–,–,–,–,–,–,2015
CALIFORNIA,–,–,–,–,–,–,–,2015
COLORADO,6537,27297,41660,294435,484305,2065,32707,2015
CONNECTICUT,1501,26099,70097,119964,310852,508,13657,2015
DELAWARE,560,4787,41863,20464,62464,154,3750,2015
DEPARTMENT OF DEFENSE EDUCATION ACTIVITY,–,–,–,–,–,–,–,2015
DISTRICT OF COLUMBIA,212,1149,58136,12178,7751,99,1433,2015
FLORIDA,8957,71894,626249,847428,1108312,3918,90186,2015
GEORGIA,3592,63491,644467,244113,730041,2010,56723,2015
GUAM,14,7237,58,51,194,22901,689,2015
HAWAII,637,56853,3606,19572,24304,57215,20197,2015
IDAHO,3567,3614,2863,50356,223282,912,6291,2015
ILLINOIS,6046,93901,357850,513628,1012915,2170,63729,2015
INDIANA,2385,20868,128677,111729,733900,–,48031,2015
IOWA,1973,11700,27524,50415,395633,979,17087,2015
KANSAS,4872,13373,35335,93959,325029,896,23811,2015
KENTUCKY,856,10450,72819,38547,543681,674,21613,2015
LOUISIANA,5088,10679,317608,39496,331023,615,12291,2015
MAINE,1435,2711,5898,3534,165283,193,3416,2015
MARYLAND,2612,53929,302645,128175,349197,1296,36660,2015
MASSACHUSETTS,2238,60050,83556,171036,608453,930,29581,2015
MICHIGAN,10592,46603,279895,109698,1041284,1377,48473,2015
MINNESOTA,14624,55189,85544,72887,596696,543,31752,2015
MISSISSIPPI,1125,4958,242228,15882,221626,188,4910,2015
MISSOURI,3805,17508,149665,51426,667031,1937,26413,2015
MONTANA,16391,1149,1391,6224,114981,337,4059,2015
NEBRASKA,4449,7617,21010,55458,213120,402,10579,2015
NEVADA,4654,25276,46667,188722,161053,6220,26597,2015
NEW HAMPSHIRE,544,5737,3510,8712,161344,135,4688,2015
NEW JERSEY,1747,130944,225694,360026,659917,3085,19166,2015
NEW MEXICO,34629,3899,6487,207948,81850,454,5098,2015
NEW YORK,17048,244524,492373,693898,1245498,–,47844,2015
NORTH CAROLINA,–,–,–,–,–,–,–,2015
NORTH DAKOTA,9311,1536,3866,4324,85539,268,1742,2015
OHIO,2189,35026,282227,83990,1239279,1206,80893,2015
OKLAHOMA,100357,13200,62443,107422,350113,2057,52919,2015
OREGON,9302,23195,14971,137321,380709,4153,31667,2015
PENNSYLVANIA,2527,61869,261133,173776,1189729,1375,52751,2015
PUERTO RICO,127,34,55,410398,318,18,0,2015
RHODE ISLAND,1006,4513,11460,33569,86164,236,5011,2015
SOUTH CAROLINA,2543,10946,262979,60268,394066,922,24799,2015
SOUTH DAKOTA,15194,2318,3792,6477,101163,120,3976,2015
TENNESSEE,1691,18023,223878,84288,645626,937,21032,2015
TEXAS,21495,202256,661421,2722948,1516041,7112,102492,2015
U.S. VIRGIN ISLANDS,–,–,–,–,–,–,–,2015
UTAH,7277,10787,8520,104480,481076,9536,13901,2015
VERMONT,222,1688,1721,1465,79697,48,2470,2015
VIRGINIA,3931,82767,294955,177287,656502,1920,63019,2015
WASHINGTON,14399,77528,48121,233127,613930,10674,75859,2015
WEST VIRGINIA,311,1892,12976,4217,254397,117,6400,2015
WISCONSIN,10734,32032,83935,94886,625799,722,23324,2015
WYOMING,3315,778,1053,12659,74078,127,2057,2015
ALABAMA,6998,10712,245530,55403,409302,769,16216,2017
ALASKA,30378,7849,4078,8928,63444,3811,14249,2017
AMERICAN SAMOA,–,–,–,–,–,–,–,2017
ARIZONA,51119,31969,59776,507545,435990,4110,32628,2017
ARKANSAS,3110,8038,101504,62790,302652,3679,11674,2017
BUREAU OF INDIAN EDUCATION,45399,–,–,–,–,–,–,2017
CALIFORNIA,33369,712829,350338,3378344,1470499,29384,253472,2017
COLORADO,6511,28309,41478,303573,486537,2223,36388,2017
CONNECTICUT,1443,27205,68724,128483,293146,546,15571,2017
DELAWARE,522,5090,41342,22929,61453,180,4748,2017
DEPARTMENT OF DEFENSE EDUCATION ACTIVITY,–,–,–,–,–,–,–,2017
DISTRICT OF COLUMBIA,146,1324,59842,13719,9158,86,1575,2017
FLORIDA,8744,75966,628750,913073,1089410,4423,96425,2017
GEORGIA,3461,69456,649332,267498,710792,1877,61930,2017
GUAM,13,6923,39,235,0,22922,626,2017
HAWAII,530,53398,3332,23941,22851,53588,23910,2017
IDAHO,3508,3639,3182,53576,224834,919,7542,2017
ILLINOIS,8436,98842,344959,520309,983094,2153,68921,2017
INDIANA,2183,24133,131155,121417,719695,748,50216,2017
IOWA,1888,12588,30164,54034,390771,1230,19156,2017
KANSAS,4528,13762,34218,96556,319198,906,25179,2017
KENTUCKY,841,11596,72026,43605,530275,749,24925,2017
LOUISIANA,4762,11187,314946,45407,323001,704,16286,2017
MAINE,1537,2640,6249,3818,161986,185,4097,2017
MARYLAND,2474,57049,301781,145800,338454,1240,39423,2017
MASSACHUSETTS,2150,64034,85919,186445,592052,867,33000,2017
MICHIGAN,9900,49684,275307,117479,1018236,1395,56665,2017
MINNESOTA,14445,58247,93636,79090,590306,613,38684,2017
MISSISSIPPI,1169,5117,236086,17399,214318,281,8780,2017
MISSOURI,3572,17893,146956,56454,655214,2392,32559,2017
MONTANA,16453,1146,1263,6592,115625,344,4952,2017
NEBRASKA,4435,8520,21372,59388,213545,475,11459,2017
NEVADA,4357,26048,51252,199362,157259,6590,28876,2017
NEW HAMPSHIRE,464,5838,3576,9360,156031,157,5462,2017
NEW JERSEY,1785,138053,223508,389445,630273,3107,24250,2017
NEW MEXICO,34138,3874,6509,204403,81050,479,5810,2017
NEW YORK,18399,248288,474539,723697,1197880,6855,60118,2017
NORTH CAROLINA,19801,49270,396371,261704,758347,2073,62496,2017
NORTH DAKOTA,9521,1665,4969,5127,85714,322,2388,2017
OHIO,2110,38775,282438,92732,1207428,1332,85328,2017
OKLAHOMA,96746,13891,60863,116635,342516,2358,60894,2017
OREGON,8184,23067,13654,131089,364581,4172,34200,2017
PENNSYLVANIA,2766,65341,255433,189741,1149937,1411,62868,2017
PUERTO RICO,263,45,70,364311,469,23,0,2017
RHODE ISLAND,1032,4546,12010,35099,83492,223,5748,2017
SOUTH CAROLINA,2446,11862,261893,69659,394671,1050,29275,2017
SOUTH DAKOTA,15315,2397,4187,7526,101719,130,5028,2017
TENNESSEE,1640,19309,222368,96791,635526,978,24950,2017
TEXAS,20770,225324,675199,2810089,1505836,7700,115931,2017
U.S. VIRGIN ISLANDS,20,57,10195,2653,215,11,43,2017
UTAH,7325,11242,9303,111218,494110,10276,16327,2017
VERMONT,177,1740,1776,1661,80178,53,2843,2017
VIRGINIA,3582,87600,291039,194401,639677,1973,68754,2017
WASHINGTON,13861,82531,48223,251553,608696,11724,85123,2017
WEST VIRGINIA,257,1779,11867,4491,247566,131,7760,2017
WISCONSIN,9979,33625,80100,101677,608360,685,30006,2017
WYOMING,3376,791,1061,13182,73500,133,2127,2017
ALABAMA,6102,9614,261255,35389,440519,139,2534,2011
ALASKA,30433,7816,4788,7802,68967,2740,9558,2011
AMERICAN SAMOA,–,–,–,–,–,†,†,2011
ARIZONA,55312,30080,59549,452283,459348,2347,12832,2011
ARKANSAS,3369,6828,103637,47340,312372,2151,6417,2011
BUREAU OF INDIAN EDUCATION,41962,0,0,0,0,†,†,2011
CALIFORNIA,43546,688613,416299,3197490,1655539,35807,179880,2011
COLORADO,7452,24493,40537,266098,479327,1844,23565,2011
CONNECTICUT,2100,24070,74130,104312,347739,296,7899,2011
DELAWARE,635,4393,41737,15988,64784,48,1818,2011
DEPARTMENT OF DEFENSE EDUCATION ACTIVITY,–,–,–,–,–,†,†,2011
DISTRICT OF COLUMBIA,52,963,55441,8980,5093,64,691,2011
FLORIDA,10493,64900,607134,740786,1137860,2980,79194,2011
GEORGIA,3959,55150,621222,200086,745145,1630,49875,2011
GUAM,320,6997,69,33,590,21748,1861,2011
HAWAII,1071,63125,4444,7996,25962,61954,15049,2011
IDAHO,3846,3577,2819,43795,216683,976,4163,2011
ILLINOIS,6846,85509,384701,479515,1072617,2266,60200,2011
INDIANA,3376,16948,126783,88133,765473,522,45997,2011
IOWA,2362,9914,25215,42295,404160,709,11120,2011
KANSAS,6184,12037,35958,79129,329036,759,20598,2011
KENTUCKY,941,9123,72915,26188,551461,420,12080,2011
LOUISIANA,6585,10140,316083,18145,338126,382,7097,2011
MAINE,1385,1990,3347,2766,174828,102,4659,2011
MARYLAND,3047,48693,305310,98404,366004,1246,29507,2011
MASSACHUSETTS,2382,52770,78825,147524,650166,1053,22843,2011
MICHIGAN,13003,41553,301176,92734,1107198,1522,29881,2011
MINNESOTA,16296,50153,77015,60175,618819,551,15028,2011
MISSISSIPPI,930,4550,244634,12360,225697,99,2256,2011
MISSOURI,4341,16984,156941,41691,686147,1096,11510,2011
MONTANA,15734,1194,1378,4996,115827,367,2197,2011
NEBRASKA,4413,6013,19990,47900,211205,337,8642,2011
NEVADA,5705,26682,43225,169236,169220,4527,18554,2011
NEW HAMPSHIRE,653,5244,3821,7231,174778,126,2858,2011
NEW JERSEY,1864,121265,234395,309673,722642,3254,9455,2011
NEW MEXICO,34530,4194,7151,200774,88009,203,3261,2011
NEW YORK,14541,226894,519113,611873,1346498,0,16036,2011
NORTH CAROLINA,22199,36411,394635,187967,792461,1127,55805,2011
NORTH DAKOTA,8789,1072,2318,95,80661,195,3193,2011
NORTHERN MARIANAS,0,4248,0,0,66,6747,44,2011
OHIO,2519,30048,285091,60506,1301921,593,73513,2011
OKLAHOMA,116597,12252,67107,81009,360125,1864,20957,2011
OREGON,10406,21720,14599,115102,372194,3513,23794,2011
PENNSYLVANIA,2892,55885,280981,149247,1276052,1029,27198,2011
PUERTO RICO,463,35,76,472649,461,47,4,2011
RHODE ISLAND,951,4158,11457,29917,93683,210,3417,2011
SOUTH CAROLINA,2111,9582,263034,46202,387520,870,16519,2011
SOUTH DAKOTA,14683,1731,3144,4352,100680,137,1401,2011
TENNESSEE,1902,15772,236013,60549,664947,1068,7171,2011
TEXAS,23607,169358,638377,2480792,1539026,6131,78424,2011
U.S. VIRGIN ISLANDS,28,49,11890,3086,228,18,196,2011
UTAH,7816,10726,8468,88285,456510,9216,4531,2011
VERMONT,268,1496,1787,1307,89899,67,2034,2011
VIRGINIA,4251,73220,301427,142536,677123,1713,51170,2011
WASHINGTON,17570,75098,50048,187783,655984,9025,48280,2011
WEST VIRGINIA,338,2006,14786,3139,260278,57,2275,2011
WISCONSIN,11625,30583,86665,80826,648801,582,13204,2011
WYOMING,2937,720,1022,10932,72070,117,1211,2011
ALABAMA,6178,10095,251078,41340,425302,553,11658,2014
ALASKA,31311,8106,4463,8602,64424,3183,10855,2014
AMERICAN SAMOA,–,–,–,–,–,–,–,2014
ARIZONA,52618,30512,57269,485696,448503,3247,24600,2014
ARKANSAS,3131,7335,102803,54994,309179,2874,9663,2014
BUREAU OF INDIAN EDUCATION,–,–,–,–,–,–,–,2014
CALIFORNIA,38616,694285,384291,3321274,1559113,32821,206272,2014
COLORADO,6574,26895,41107,287402,482405,1991,30625,2014
CONNECTICUT,1551,25459,70655,115724,319427,511,12873,2014
DELAWARE,575,4673,41046,19137,62812,128,3316,2014
DEPARTMENT OF DEFENSE EDUCATION ACTIVITY,–,–,–,–,–,–,–,2014
DISTRICT OF COLUMBIA,88,1129,57483,11215,6910,85,1243,2014
FLORIDA,9096,70455,623058,815243,1112972,3539,86381,2014
GEORGIA,3733,61100,637740,228901,736619,2005,53811,2014
GUAM,13,8402,70,55,211,23917,746,2014
HAWAII,751,59762,3869,18660,25456,59741,18586,2014
IDAHO,3871,3893,3161,51051,227636,1014,5850,2014
ILLINOIS,6164,92419,362760,509126,1030764,2183,63574,2014
INDIANA,2579,19902,128865,106330,742176,660,46873,2014
IOWA,1985,11200,26745,48769,397414,887,15964,2014
KANSAS,5024,13231,35511,91469,327215,844,23146,2014
KENTUCKY,865,9944,72929,35812,537068,632,20139,2014
LOUISIANA,5241,10540,316473,34334,332809,618,11476,2014
MAINE,1512,2798,5844,3327,167309,182,3023,2014
MARYLAND,2598,52553,301996,118204,354426,1261,35131,2014
MASSACHUSETTS,2209,58455,82990,162647,620628,1007,27803,2014
MICHIGAN,11297,45560,283322,104907,1058335,1422,43998,2014
MINNESOTA,14722,54213,82447,69577,601247,532,28235,2014
MISSISSIPPI,1016,4857,242946,14345,223607,176,5639,2014
MISSOURI,3991,17679,151159,49192,672129,1798,22340,2014
MONTANA,16297,1185,1351,5951,115286,322,3737,2014
NEBRASKA,4383,7105,20522,53309,211878,379,10101,2014
NEVADA,4784,25265,44798,183229,162618,5995,25142,2014
NEW HAMPSHIRE,572,5608,3522,8232,163922,140,4314,2014
NEW JERSEY,2001,127327,220307,331155,670565,3022,15918,2014
NEW MEXICO,34185,3933,6401,205964,83482,399,4880,2014
NEW YORK,15872,240228,496248,670006,1269833,0,40583,2014
NORTH CAROLINA,20556,41590,390455,218127,770454,1749,56948,2014
NORTH DAKOTA,9078,1407,3271,3817,84588,241,1545,2014
NORTHERN MARIANAS,0,4260,1,7,67,6045,258,2014
OHIO,2223,33206,280171,78202,1252086,1068,77155,2014
OKLAHOMA,102186,12561,62614,102080,352362,1883,48162,2014
OREGON,9586,22919,14745,133098,378322,4031,30299,2014
PENNSYLVANIA,2621,60360,264886,166332,1213031,1333,46673,2014
PUERTO RICO,196,32,64,423315,310,17,0,2014
RHODE ISLAND,932,4176,11493,33240,87354,241,4572,2014
SOUTH CAROLINA,2422,10537,261583,55660,391739,914,22802,2014
SOUTH DAKOTA,15040,2257,3532,5916,100589,119,3437,2014
TENNESSEE,1790,17479,227513,77748,651812,934,16280,2014
TEXAS,20240,189944,653221,2668994,1517819,6804,96680,2014
U.S. VIRGIN ISLANDS,16,68,11739,2784,228,13,105,2014
UTAH,7179,10700,8088,100258,477524,9314,12398,2014
VERMONT,249,1687,1697,1424,81259,55,2319,2014
VIRGINIA,4051,80696,296347,166303,664517,1821,60090,2014
WASHINGTON,14700,75911,47752,223177,615943,10184,71269,2014
WEST VIRGINIA,326,1966,13177,3891,256010,92,5496,2014
WISCONSIN,10912,31659,85220,91832,632868,722,21201,2014
WYOMING,3107,842,1133,12149,73601,105,1795,2014
ALABAMA,6566,10442,247246,50727,413630,671,14507,2016
ALASKA,30547,7866,4191,8820,63782,3592,13679,2016
AMERICAN SAMOA,–,–,–,–,–,–,–,2016
ARIZONA,50331,31050,58715,497937,437740,3619,29648,2016
ARKANSAS,3130,7638,102209,60627,304280,3364,10884,2016
BUREAU OF INDIAN EDUCATION,–,–,–,–,–,–,–,2016
CALIFORNIA,34704,707395,361752,3360562,1500932,30436,230956,2016
COLORADO,6424,27733,41560,300107,486818,2077,34393,2016
CONNECTICUT,1471,26788,68963,124128,301348,527,14708,2016
DELAWARE,518,4981,41323,21537,62084,161,4243,2016
DEPARTMENT OF DEFENSE EDUCATION ACTIVITY,389,4698,9288,15339,33887,1289,8524,2016
DISTRICT OF COLUMBIA,129,1212,59568,12901,8592,93,1529,2016
FLORIDA,9032,73787,628674,880892,1101896,4247,93706,2016
GEORGIA,3453,66453,648758,256082,721134,1967,59390,2016
GUAM,15,7098,45,47,184,22805,627,2016
HAWAII,575,55070,3517,21751,23385,55366,22331,2016
IDAHO,4118,3575,2976,51619,222188,911,6890,2016
ILLINOIS,5435,96278,353776,521516,996791,2057,65926,2016
INDIANA,2269,22525,129859,116569,725730,711,49094,2016
IOWA,1904,12133,28626,52132,394006,1079,18134,2016
KANSAS,4590,13523,34951,95514,322073,858,24375,2016
KENTUCKY,823,10978,72679,40972,537184,707,23255,2016
LOUISIANA,4955,10948,317931,42595,327107,608,14567,2016
MAINE,1535,2669,6014,3664,163829,190,3712,2016
MARYLAND,2517,55406,302417,135999,343853,1238,38171,2016
MASSACHUSETTS,2204,61904,84390,178441,604936,899,31252,2016
MICHIGAN,10279,48233,279605,113616,1030950,1346,52202,2016
MINNESOTA,14484,56448,89175,75792,592808,587,35090,2016
MISSISSIPPI,1163,5062,239774,16499,218063,238,6401,2016
MISSOURI,3691,17789,148435,54043,663355,2144,29777,2016
MONTANA,16516,1179,1273,6500,115033,338,4480,2016
NEBRASKA,4370,8047,21136,57120,213942,430,10969,2016
NEVADA,4455,25618,48961,194914,158866,6506,28207,2016
NEW HAMPSHIRE,506,5781,3478,9051,158339,167,5103,2016
NEW JERSEY,1751,134402,226371,376239,644983,3088,22011,2016
NEW MEXICO,34222,3812,6482,205853,79345,442,5538,2016
NEW YORK,17549,246605,478893,703014,1211496,–,54069,2016
NORTH CAROLINA,20415,46360,398220,250233,768840,2033,58833,2016
NORTH DAKOTA,9551,1601,4583,4994,85586,284,2045,2016
OHIO,2153,36689,281873,88312,1223964,1278,82316,2016
OKLAHOMA,98956,13399,61455,112314,346462,2234,58058,2016
OREGON,8305,22726,13744,129410,365593,4032,32597,2016
PENNSYLVANIA,2623,62893,254491,179227,1159171,1387,57622,2016
PUERTO RICO,317,54,73,378849,499,26,0,2016
RHODE ISLAND,1009,4585,11636,34322,84851,207,5404,2016
SOUTH CAROLINA,2465,11320,262474,64870,394477,1012,26915,2016
SOUTH DAKOTA,15133,2334,3936,6933,101194,126,4597,2016
TENNESSEE,1651,18668,225396,90406,641042,946,23126,2016
TEXAS,20927,213433,668829,2768431,1513535,7407,108915,2016
U.S. VIRGIN ISLANDS,12,57,10762,2687,212,13,62,2016
UTAH,7362,10987,8900,107580,487807,10072,15162,2016
VERMONT,205,1744,1737,1543,79928,54,2655,2016
VIRGINIA,3701,85319,293934,184752,648182,1982,65720,2016
WASHINGTON,13987,79634,47936,243489,610406,11217,80361,2016
WEST VIRGINIA,287,1831,12360,4368,251231,131,7244,2016
WISCONSIN,10406,32716,82208,97847,617942,728,25953,2016
WYOMING,3367,793,1079,13361,73961,150,2006,2016
ALABAMA,6179,9943,254503,34722,432707,328,6239,2012
ALASKA,30770,8065,4730,8147,66704,2904,9847,2012
AMERICAN SAMOA,–,–,–,–,–,†,†,2012
ARIZONA,54596,30079,58029,462624,455010,2880,17101,2012
ARKANSAS,3244,6941,102438,49504,310896,2346,7745,2012
BUREAU OF INDIAN EDUCATION,–,–,–,–,–,†,†,2012
CALIFORNIA,42486,693313,404412,3239296,1617931,35232,181534,2012
COLORADO,7143,26522,40932,272490,479288,1817,26073,2012
CONNECTICUT,1923,24546,72122,108165,337489,373,9819,2012
DELAWARE,622,4421,40793,16846,63876,81,2307,2012
DEPARTMENT OF DEFENSE EDUCATION ACTIVITY,–,–,–,–,–,†,†,2012
DISTRICT OF COLUMBIA,64,1035,56480,9711,5690,88,843,2012
FLORIDA,9888,67758,612465,762854,1131901,3008,80282,2012
GEORGIA,3732,57165,623601,205317,743258,1803,50140,2012
GUAM,10,7404,58,41,212,22864,654,2012
HAWAII,970,62521,4387,11758,26081,61959,15030,2012
IDAHO,3767,3695,2845,45486,218400,963,4717,2012
ILLINOIS,6260,87546,375919,493698,1058714,2009,58951,2012
INDIANA,3032,17868,126980,93230,754181,569,44905,2012
IOWA,2236,10245,25303,44191,400101,759,13035,2012
KANSAS,5454,12323,35583,83488,327538,769,20953,2012
KENTUCKY,960,9344,73380,29457,553406,531,14909,2012
LOUISIANA,5479,10300,316947,28276,333736,427,8225,2012
MAINE,1584,2932,5585,3080,173447,185,2156,2012
MARYLAND,2989,50052,302031,103594,362855,1184,31381,2012
MASSACHUSETTS,2305,54358,79015,153324,639111,1050,24206,2012
MICHIGAN,12183,42827,296124,97494,1088587,1347,34975,2012
MINNESOTA,15076,52186,77274,62083,613019,650,19450,2012
MISSISSIPPI,958,4666,243438,12609,225743,162,3043,2012
MISSOURI,4182,17267,153711,44581,680249,1470,15124,2012
MONTANA,16530,1212,1436,5248,115184,369,2370,2012
NEBRASKA,4381,6276,20262,49405,211406,355,9211,2012
NEVADA,5031,24786,42336,174121,164626,5502,23232,2012
NEW HAMPSHIRE,612,5443,3696,7429,171011,115,3594,2012
NEW JERSEY,1735,121434,220238,305026,693416,3153,11429,2012
NEW MEXICO,34287,4110,6816,200483,87381,276,3872,2012
NEW YORK,14675,226656,500175,630920,1304500,5214,22578,2012
NORTH CAROLINA,22098,38019,397489,203503,790132,1293,55330,2012
NORTH DAKOTA,8866,1134,2549,2783,81237,220,857,2012
NORTHERN MARIANAS,0,4304,0,4,74,6589,40,2012
OHIO,2442,30923,281996,66120,1282799,787,74963,2012
OKLAHOMA,110617,12340,65168,87496,357497,1833,31169,2012
OREGON,10247,22274,14404,119790,371294,3690,26509,2012
PENNSYLVANIA,2832,57681,271598,153519,1251083,997,33685,2012
PUERTO RICO,479,38,63,451674,452,32,2,2012
RHODE ISLAND,913,4123,11597,30816,91400,216,3789,2012
SOUTH CAROLINA,2142,9834,259170,48644,386941,840,19615,2012
SOUTH DAKOTA,14950,1966,3390,4993,100417,124,2176,2012
TENNESSEE,1876,16595,233357,66268,670565,1037,9995,2012
TEXAS,22390,177203,640723,2541966,1527763,6258,84167,2012
U.S. VIRGIN ISLANDS,22,53,12272,2951,233,22,158,2012
UTAH,7436,10612,7967,91722,463938,9024,8133,2012
VERMONT,315,1515,1722,1251,82688,63,1875,2012
VIRGINIA,4132,75840,298931,149272,673363,1762,54583,2012
WASHINGTON,15850,74574,47715,205031,629898,9308,63077,2012
WEST VIRGINIA,327,2000,14266,3368,259435,100,3374,2012
WISCONSIN,11277,30742,85495,84561,642176,665,16189,2012
WYOMING,2885,710,979,11326,72519,123,1557,2012
ALABAMA,6136,9920,252397,37685,429179,471,8849,2013
ALASKA,30914,8104,4671,8402,65863,3095,10440,2013
AMERICAN SAMOA,–,–,–,–,–,†,†,2013
ARIZONA,53388,30455,57348,471424,452811,2977,20981,2013
ARKANSAS,3316,7185,102231,51352,310458,2661,8954,2013
BUREAU OF INDIAN EDUCATION,–,–,–,–,–,†,†,2013
CALIFORNIA,40641,691712,394562,3281066,1589297,33975,193838,2013
COLORADO,6716,27266,40496,278619,480366,1860,28238,2013
CONNECTICUT,1694,25199,71386,112461,328144,465,11605,2013
DELAWARE,594,4509,40457,17911,62676,112,2767,2013
DEPARTMENT OF DEFENSE EDUCATION ACTIVITY,–,–,–,–,–,†,†,2013
DISTRICT OF COLUMBIA,84,1072,56804,10590,6370,71,1149,2013
FLORIDA,9457,69073,617966,788088,1121254,3211,83113,2013
GEORGIA,3576,59067,628849,217122,740789,1869,52060,2013
GUAM,10,7401,58,41,212,22813,651,2013
HAWAII,893,61002,4074,15256,25704,60613,17218,2013
IDAHO,3683,3730,2878,47113,221283,938,5209,2013
ILLINOIS,6017,89903,365764,500426,1046882,2041,61847,2013
INDIANA,2834,18713,127608,100018,746143,595,45458,2013
IOWA,2122,10704,25824,46731,398951,848,14645,2013
KANSAS,5197,12525,35338,86998,325990,761,22234,2013
KENTUCKY,905,9670,73391,32811,550446,594,17350,2013
LOUISIANA,5365,10463,319734,30899,334175,526,9741,2013
MAINE,1521,2875,5637,3185,169722,181,2618,2013
MARYLAND,2721,51176,301726,110529,359110,1222,33154,2013
MASSACHUSETTS,2292,56517,81806,156976,630150,1020,26012,2013
MICHIGAN,11744,44306,286537,100397,1071840,1469,39077,2013
MINNESOTA,14814,53201,79328,64712,608843,701,23805,2013
MISSISSIPPI,994,4818,244189,13389,225715,161,4384,2013
MISSOURI,4078,17278,152275,47269,676377,1686,18937,2013
MONTANA,16228,1193,1399,5644,115094,336,3014,2013
NEBRASKA,4327,6630,20217,51068,211167,354,9742,2013
NEVADA,4979,25250,43364,178167,163930,5746,24271,2013
NEW HAMPSHIRE,582,5541,3579,7810,167342,132,3988,2013
NEW JERSEY,1769,125130,223070,321443,683857,3163,13771,2013
NEW MEXICO,33867,4047,6626,202620,86359,341,4360,2013
NEW YORK,15243,230687,495291,649568,1280689,5699,33526,2013
NORTH CAROLINA,21219,39929,397779,215472,787559,1382,55125,2013
NORTH DAKOTA,9086,1280,2895,3363,83037,237,1213,2013
NORTHERN MARIANAS,0,4309,0,6,68,6209,54,2013
OHIO,2321,31951,279663,72789,1267331,908,74953,2013
OKLAHOMA,105995,12439,63381,95014,354323,1778,40553,2013
OREGON,9917,22827,14630,129076,378737,3866,28511,2013
PENNSYLVANIA,2752,59431,267224,159737,1232905,1193,40435,2013
PUERTO RICO,311,26,60,433866,325,21,0,2013
RHODE ISLAND,914,4131,11692,31887,89511,243,4103,2013
SOUTH CAROLINA,2268,10170,260336,51859,389179,864,21322,2013
SOUTH DAKOTA,14977,2211,3584,5571,101242,138,2748,2013
TENNESSEE,1890,17024,228812,72204,658568,992,14006,2013
TEXAS,21802,183813,646706,2606839,1522091,6646,89762,2013
U.S. VIRGIN ISLANDS,18,49,11980,2771,231,14,129,2013
UTAH,7337,10581,7983,96048,471509,9245,10576,2013
VERMONT,257,1603,1759,1373,82401,65,2166,2013
VIRGINIA,4044,77992,296985,157746,669428,1830,57394,2013
WASHINGTON,15210,75407,48381,214077,622485,9685,66449,2013
WEST VIRGINIA,336,1974,13741,3621,258780,108,4484,2013
WISCONSIN,11040,31034,85158,88132,637518,683,18871,2013
WYOMING,3042,766,1029,11753,73277,178,1488,2013