"_id._bsontype","_id.id","","state","pellrecip.2008","pellrecip.2009","pellrecip.2010","pellrecip.2011","pellrecip.2012","pellrecip.2013","pellrecip.2014","pellrecip.2015","pellrecip.2016","pellrecip.2017","pelldisburse.2008","pelldisburse.2009","pelldisburse.2010","pelldisburse.2011","pelldisburse.2012","pelldisburse.2013","pelldisburse.2014","pelldisburse.2015","pelldisburse.2016","pelldisburse.2017","teachdisburse.2008","teachdisburse.2009","teachdisburse.2010","teachdisburse.2011","teachdisburse.2012","teachdisburse.2013","teachdisburse.2014","teachdisburse.2015","teachdisburse.2016","teachdisburse.2017","teachrecip.2008","teachrecip.2009","teachrecip.2010","teachrecip.2011","teachrecip.2012","teachrecip.2013","teachrecip.2014","teachrecip.2015","teachrecip.2016","teachrecip.2017","iraqrecip.2010","iraqrecip.2011","iraqrecip.2012","iraqrecip.2013","iraqrecip.2014","iraqrecip.2015","iraqrecip.2016","iraqrecip.2017","iraqdisburse.2010","iraqdisburse.2011","iraqdisburse.2012","iraqdisburse.2013","iraqdisburse.2014","iraqdisburse.2015","iraqdisburse.2016","iraqdisburse.2017","acgrecip.2008","acgrecip.2009","acgrecip.2010","acgdisburse.2008","acgdisburse.2009","acgdisburse.2010","smartrecip.2008","smartrecip.2009","smartrecip.2010","smartdisburse.2008","smartdisburse.2009","smartdisburse.2010","seogrecip.2006","seogrecip.2007","seogrecip.2008","seogrecip.2009","seogrecip.2010","seogrecip.2011","seogrecip.2012","seogrecip.2013","seogrecip.2014","seogrecip.2015","seogrecip.2016","seogdisburse.2006","seogdisburse.2007","seogdisburse.2008","seogdisburse.2009","seogdisburse.2010","seogdisburse.2011","seogdisburse.2012","seogdisburse.2013","seogdisburse.2014","seogdisburse.2015","seogdisburse.2016","workrecip.2006","workrecip.2007","workrecip.2008","workrecip.2009","workrecip.2010","workrecip.2011","workrecip.2012","workrecip.2013","workrecip.2014","workrecip.2015","workrecip.2016","workdisburse.2006","workdisburse.2007","workdisburse.2008","workdisburse.2009","workdisburse.2010","workdisburse.2011","workdisburse.2012","workdisburse.2013","workdisburse.2014","workdisburse.2015","workdisburse.2016","pellperc.2007","pellperc.2008","pellperc.2009","pellperc.2010","pellperc.2011","pellperc.2012","pellperc.2013","pellperc.2014","pellperc.2015","pellperc.2016","avepell.2007","avepell.2008","avepell.2009","avepell.2010","avepell.2011","avepell.2012","avepell.2013","avepell.2014","avepell.2015","avepell.2016","statelocalaidperc.2007","statelocalaidperc.2008","statelocalaidperc.2009","statelocalaidperc.2010","statelocalaidperc.2011","statelocalaidperc.2012","statelocalaidperc.2013","statelocalaidperc.2014","statelocalaidperc.2015","statelocalaidperc.2016","avestatelocalaid.2007","avestatelocalaid.2008","avestatelocalaid.2009","avestatelocalaid.2010","avestatelocalaid.2011","avestatelocalaid.2012","avestatelocalaid.2013","avestatelocalaid.2014","avestatelocalaid.2015","avestatelocalaid.2016","state_abbrev","name","path"
"ObjectID","{""type"":""Buffer"",""data"":[92,165,20,125,64,157,101,0,20,62,205,43]}",,"AK",5536,2179,3592,12732,12297,8348,8061,7313,6811,6830,14955539.99,3881901.22,7806217.66,41493414,40256468.02,27483798.11,26678640.18,24200101.47,22907421.14,23778484.1,73500,6500,17000,97000,43933,21963.95,54637.8,66015,60738.5,53136,29,7,13,36,19,11,22,27,25,18,1,3,2,1,1,0,0,0,2775,5550,4163,4445.43,1994.04,0,0,0,142,13,9,97570,7121,4586,82,2,6,292496,3000,9500,1608,1375,1566,2964,2171,3168,3030,3670,1209,1189,989,973832,1123201,965030,1011164,1002080,1175954,1422178,1182135,892997,1014162,932017,366,270,283,346,396,382,341,352,218,229,218,953717,696713,816953,950670,1174358,910846,1025713,1083985,771195,793629,855815,0.281132075471698,0.281132075471698,0.361103597511496,0.441631850577537,0.43625,0.352017330083943,0.452723414289083,0.40181869849389,0.430241621200312,0.450540540540541,3266.60306807287,3266.60306807287,3935.99475655431,4501.18753478019,4202.13524355301,3968.35384615385,4268.8953125,4293.44695898161,4263.63888888889,4233.35332933413,0.133962264150943,0.133962264150943,0.0435488233703002,0.0403047431801425,0.2495,0.334416463579745,0.278236265031832,0.371412333049162,0.310989867498051,0.339459459459459,2961.72032193159,2961.72032193159,3846.3850931677,2515.69512195122,3070.00300601202,3599.8048582996,3838.01440677966,3618.99158377965,3794.19047619048,4083.81608280255,"AK","Alaska","alaska"
"ObjectID","{""type"":""Buffer"",""data"":[92,165,20,125,64,157,101,0,20,62,205,44]}",,"AL",118436,70364,71164,167760,157539,152509,147047,138150,131704,127463,352831682.48,130488120.55,135516877.71,596448950.56,561382208.81,550966076.85,540024625.21,511507059.4,490962837.78,511666917.15,401672,142000,196500,1007251,790153,633806,533021.9,506486.5,483523,437974,118,92,125,348,298,231,204,191,189,177,0,0,0,2,1,2,3,0,0,0,0,10318,5317.44,7371.79,16257.58,0,5973,1288,1207,4438530.99,650676.53,544253.13,834,201,178,2642397,432267,297510,20780,21018,20534,20255,23504,24469,23339,17703,18200,17418,15329,16450537,16182065,15244018,13926705,14436601,14511472,15053911,13575354,14319111,13858599,16209413,9404,10250,8863,8692,8697,8157,8085,7751,7960,7829,7368,13352234,13417632,14754901,15865861,15129686,14895782,14430493,13780759,14246391,13802092,13325314,0.399684729964361,0.399684729964361,0.487322068832256,0.522521729563208,0.508872521246459,0.492645074224022,0.474598041239478,0.470140541511383,0.440257931158443,0.429615283035478,3512.09505573021,3512.09505573021,4621.5533527183,4715.41699654679,4499.28213235949,4329.48769574944,4452.16131838392,4536.8295687885,4609.30308752233,4611.56475409836,0.117106826281641,0.117106826281641,0.0804689009597011,0.102761579931786,0.0924192634560907,0.063225371120108,0.0668363953301681,0.072336221992726,0.0651792936101375,0.0649044810282595,1341.86110027312,1341.86110027312,1265.69610458911,1719.19229122056,1472.39602746444,2123.46673781572,1680.72306108442,1592.20794537554,1659.14753533264,1860.9518480841,"AL","Alabama","alabama"
"ObjectID","{""type"":""Buffer"",""data"":[92,165,20,125,64,157,101,0,20,62,205,45]}",,"AR",62925,18861,19835,89262,84957,81363,76884,70968,68431,66333,190387562.97,29103176.58,31256826.91,328314608.41,312698750.17,303110083.58,291161824.11,270787921.81,260350590.86,270861744.43,983963,171760,280463,2164336,2336004,1851204.4,2056428,1939883,2059332,2132957,305,105,148,657,735,660,683,681,750,754,0,0,2,1,2,1,2,5,0,0,10545,5238.56,10623.41,5353,7449,22081,5083,629,1645,3861227.8,417062,991071.5,393,42,66,1238680,75000,88899,10307,9720,9632,9530,8734,9398,9833,10273,10051,9378,9601,6167010,5890989,5707209,5681079,5474252,5222336,5427784,5188262,5602758,5726858,5709463,6385,5941,5677,6006,5321,5577,5418,5583,5479,5651,5415,8167422,8357153,8340661,9485725,8127142,8319059,8288023,8410350,8439496,9215765,8953681,0.463814309284536,0.463814309284536,0.541774853281167,0.560213333333333,0.553330945558739,0.537588082806966,0.526268789998512,0.51986439644993,0.502873016477035,0.480155339805825,3475.17786401488,3475.17786401488,4270.40112920168,4400.10332571719,4243.95339504175,4246.77309155121,4371.28577488688,4399.6784876905,4457.82580401059,4421.94702361695,0.176728663566822,0.176728663566822,0.211310688244709,0.45856,0.450035816618911,0.487750556792873,0.490437565113856,0.493391231478307,0.488146428707333,0.451728155339806,2723.00530447698,2723.00530447698,2404.75021040229,4120.61045204311,3873.48237166733,3881.47099333782,2230.76724072529,2263.52065158651,2324.30363267852,1553.43440508941,"AR","Arkansas","arkansas"
"ObjectID","{""type"":""Buffer"",""data"":[92,165,20,125,64,157,101,0,20,62,205,46]}",,"AS",1633,856,797,1653,1514,1343,1290,1116,1063,943,5020989.4,983058.88,892586.2,5939736.37,5139783.8,4773875.86,4720333.23,4379889.24,4240441.71,4198106.95,0,0,0,0,0,0,0,0,0,0,0,0,0,0,0,0,0,0,0,0,0,0,0,0,0,0,0,0,0,0,0,0,0,0,0,0,25,113,44,15219,24999.38,9236,0,0,0,0,0,0,596,605,596,664,594,590,512,469,515,501,466,77984,79751,80102,87051,71401,70400,61300,58920,66558,64200,46517,188,190,148,192,155,140,125,102,125,113,126,77159,53815,61837,91178,70087,72025,60860,53886,57337,53774,56997,0.775229357798165,0.775229357798165,0.640677966101695,0.709342560553633,0.908482142857143,0.880597014925373,0.878787878787879,0.841614906832298,0.916666666666667,0.931506849315068,4612.65680473373,4612.65680473373,5717.98941798942,4785.60487804878,4196.2800982801,3893.57627118644,5271.57327586207,2842.18450184502,2724.39256198347,2757.97058823529,0.114678899082569,0.114678899082569,0.023728813559322,0.055363321799308,0.0290178571428571,0.164179104477612,0.0340909090909091,0.149068322981366,0.113636363636364,0.113013698630137,1000,1000,1200,200,1461.53846153846,1727.27272727273,2000,1720.9375,1372.8,1515.75757575758,"AS",,
"ObjectID","{""type"":""Buffer"",""data"":[92,165,20,125,64,157,101,0,20,62,205,47]}",,"AZ",383325,218821,234039,533429,476350,431473,387156,319048,274714,250200,1067996227.35,484063632.93,523604126.94,1836177245.28,1665097184.42,1520248962.17,1378998317.7,1149033131.49,981383437.52,955603665.97,2504540,953746,1844610.41,11803681,11185031.93,10460879.29,10356862.78,12298570.94,11485567.95,13329113.74,901,573,789,3686,3631,3574,3492,3746,3721,4138,1,1,2,2,2,6,4,0,5550,5550,8047,10318,7972.44,28767.73,18959.12,0,3896,1543,1230,2899797.27,839307.86,681583.25,2521,1499,2742,7629323.07,3430781.59,7338566.43,33763,31649,30490,32619,49468,56459,57348,49380,56094,49983,43956,23834050,24385206,23820414,23878203,27494137,25821076,28885128,25037330,30695352,28825453,28300283,5387,5369,5691,5724,6066,6449,6287,6066,6435,6987,7298,10485999,10719600,12185978,12945736,14069962,14857854,14752552,14717957,14666036,16949399,17715253,0.590750981806524,0.590750981806524,0.669498419029376,0.571928647481804,0.617857866477561,0.566120434911703,0.475948616234452,0.455928723326245,0.432298416633797,0.43358053989914,3791.56575496102,3791.56575496102,4390.6891834955,4402.40793634602,4592.99559344961,4481.17702297702,4191.67304097211,4301.76079613993,4465.39346541536,4588.47190293742,0.0108359381261521,0.0108359381261521,0.0130282475498235,0.0249704642581059,0.0201980549083173,0.0196813098251022,0.024227482529149,0.0252254894771577,0.0296951597453091,0.0253337288638386,1884.80325443787,1884.80325443787,2690.22557905337,3448.51752336449,3951.77178683386,3747.67456896552,4141.5493496557,4153.67587209302,4626.26691967109,3450.88992974239,"AZ","Arizona","arizona"
"ObjectID","{""type"":""Buffer"",""data"":[92,165,20,125,64,157,101,0,20,62,205,48]}",,"CA",689441,329308,372169,1163235,1098284,1099908,1090880,1019522,967110,967983,2060159152.2,519936897.97,609595829.63,4083266232.72,3946421826.94,4027636760.8,4033176515.88,3835715740.73,3639126217.71,3899286256.2,838648.5,2199133.4,1757978.77,8645311.25,7107173.66,7431620.37,5955630.43,7984394.6,10555026.6,10363756.56,251,1439,1659,3034,2561,2658,2304,2874,3821,3841,0,4,3,2,2,5,6,5,0,21506,15264,7143,10622.71,25058.2,29119.63,23169.52,45244,15918,18496,34250638.03,7429239.09,8172663.88,7977,6192,6044,24116829.75,10063614.18,9716011.92,158706,175008,174776,197354,199091,210997,210107,200555,212854,201601,195915,105012791,105805226,100956071,105046308,99832112,97377688,102584507,99847920,105221069,107481016,106204657,59797,58236,59061,63225,63935,63248,62856,59943,59018,56546,56538,117686589,117128799,123119694,137245417,135025766,132242665,132025836,125691692,128306581,126593311,128341691,0.430779766590038,0.430779766590038,0.490790526187537,0.519433508991756,0.541537400896243,0.505106997236133,0.498671846084812,0.4925350177053,0.467821513771416,0.452081748567372,3613.02354927868,3613.02354927868,4412.55753497107,4396.36054495478,4112.29929037886,4259.71554532218,4389.00562889984,4484.01173124054,4532.77274439358,4515.80770870258,0.26274391682035,0.26274391682035,0.263779777828397,0.306978645504714,0.328931913644082,0.365124647675341,0.395819344864744,0.468770794113615,0.454941308826719,0.454062917321703,2054.79556146783,2054.79556146783,2325.6934601211,2730.23185888529,3467.07229979526,3623.40929531019,3543.04278101417,3297.23907212965,3457.55066850397,3723.27271508879,"CA","California","california"
"ObjectID","{""type"":""Buffer"",""data"":[92,165,20,125,64,157,101,0,20,62,205,49]}",,"CO",99493,54902,63934,159259,150752,143902,137189,123835,118495,118824,268017948.11,89484958.97,106586819.61,515808970.76,490778422.25,472629258.06,453767816.85,418516799.33,403703943.01,438937336.87,566987,382811,337680,1359277,1116733.62,974930.4,748492.1,578109,658247,678388,163,195,192,461,394,343,267,213,242,260,1,1,2,0,3,2,0,2,5550,5550,8047.5,0,13282,8073.15,0,11040,4285,530,726,3238070,264405.5,376950.5,1239,428,628,3792493.39,759078,983607,15205,17597,16061,20151,19263,16756,16873,16789,15129,13763,12449,13958419,16512105,15635097,16066587,13876789,13180905,14439717,14868119,13833095,14083732,13858350,7131,6779,7281,7669,7448,7437,7020,7262,6837,6804,6821,13315474,13666386,14814479,15715676,14970107,14793963,14376017,14541291,14286849,14431167,15039908,0.35868520150629,0.35868520150629,0.453736896157498,0.455868663789456,0.426664277394499,0.412379668393292,0.403783822717342,0.37893376577307,0.360329234833858,0.348539788318307,3331.09164014073,3331.09164014073,4270.89174069013,4190.69031928717,4290.59680806384,4264.86974476627,4253.8664526103,4295.30544968238,4272.24562887761,4366.62673977225,0.168596266324814,0.168596266324814,0.205030325343461,0.227659304391978,0.205514738822686,0.208472291208401,0.179467479772394,0.210865048396088,0.217228940148359,0.21969325754606,1907.87644053701,1907.87644053701,1556.89849730649,1483.21299135768,1644.48653950954,2014.92523258452,2286.20655518395,2699.12881518866,2987.4289556777,2955.26441396231,"CO","Colorado","colorado"
"ObjectID","{""type"":""Buffer"",""data"":[92,165,20,125,64,157,101,0,20,62,205,50]}",,"CT",48035,14674,19039,81962,82924,83490,83255,78048,75754,78932,128838513.44,23339855.96,30873630.85,261609716.55,266238643.33,276084535.11,278287509.14,264341513.54,256349927.84,281279507.62,43000,44000,54833,225083,197734,206144,144318,123683,172065,158682,13,23,24,87,75,79,61,56,62,64,0,0,0,0,0,0,0,0,0,0,0,0,0,0,0,0,3625,375,630,2970069.7,329416,460584.75,329,37,94,1034145,42500,274000,14248,15655,15107,16089,16198,16300,16742,18034,20637,20259,20005,13028283,13398756,13021541,13539284,13040033,12470602,13159759,12751676,13315265,13915487,13680460,9375,9226,9438,10721,10280,9849,9052,8263,8537,8386,8588,13508767,13517494,14020521,16282621,15484054,15174955,14079052,13365425,13787895,13744608,14813238,0.333368236433601,0.333368236433601,0.385177262410977,0.41258539905243,0.421267306256104,0.412829782784069,0.4181182604574,0.411075081067598,0.394700718276137,0.385339697901,3303.25740086376,3303.25740086376,4264.66407043684,4262.49403628981,4028.26080730942,4009.66620829413,4192.77993481649,4325.43704490291,4380.0140731155,4429.71517054132,0.169812308578309,0.169812308578309,0.139462082278976,0.1638353008926,0.151088642500144,0.136364994472497,0.121104396255481,0.153280119730606,0.125043894652833,0.0922644347086903,2964.29890550331,2964.29890550331,2943.2809577254,2817.09985620706,2538.66254752852,2354.79513584575,2700.02862035225,2665.7272172498,3164.98161858565,3056.03508150248,"CT","Connecticut","connecticut"
"ObjectID","{""type"":""Buffer"",""data"":[92,165,20,125,64,157,101,0,20,62,205,51]}",,"DC",28565,24193,25556,44475,44168,40732,40048,38679,39436,40670,72017112.21,46119860.62,43344015.37,140329619.01,143113273.43,132570007.5,135909350.1,136299992.85,141540223.85,156272545.62,52960,47883,25108,218564,171216,100291.8,100807,74797,104768,53968,16,18,11,66,50,29,30,24,31,17,0,0,0,0,0,0,0,0,0,0,0,0,0,0,0,0,1160,49,86,1017721.01,33296.25,59639.5,163,546,600,566607,1323287,1132980,9490,8161,5516,7917,21426,11971,9352,9179,9336,8913,8614,10823828,10566111,9327861,12633208,11102476,9569320,9365609,8880402,9502587,9595752,9268113,5238,4767,5368,6738,5742,5521,5186,5027,4859,4629,4671,10324671,10448402,11167201,14753665,12492488,10630311,9611778,8841847,8626393,8772169,9789608,0.269719450839942,0.269719450839942,0.301805303619245,0.380390098836701,0.399704630353575,0.375353857041755,0.426502595010882,0.383245614035088,0.331109416698437,0.32973369679178,3268.15839392981,3268.15839392981,3768.49914138523,4034.94182570706,4360.5453162356,4483.3653075654,4662.6314033366,4758.9798580911,4803.78353483017,4943.95007949126,0.0495437878400273,0.0495437878400273,0.05001295672454,0.0526545963439167,0.0471722700026062,0.0576786978060863,0.0428595345722418,0.104649122807018,0.0428898208158597,0.0447682952400923,3787.6660929432,3787.6660929432,4442.79447322971,3519.14285714286,4190.13996316759,4489.14263803681,4819.185546875,2522.50377200335,4983.93111111111,6884.93208430913,"DC","District of Columbia","district_of_columbia"
"ObjectID","{""type"":""Buffer"",""data"":[92,165,20,125,64,157,101,0,20,62,205,52]}",,"DE",10981,4649,5073,18911,18420,18550,18609,17717,17389,17650,29974001.6,7191589.43,7771712.26,63027647.37,61628325.51,63522084.73,64369405.33,62121614.62,59951035.6,64944243.15,8000,86000,76000,479000,353701,321297,238623,268597,90127,126713,4,45,48,152,119,117,97,103,35,49,0,0,0,0,0,0,0,0,0,0,0,0,0,0,0,0,696,193,134,495312,98380.32,91496.5,54,3,45,166895,7500,141500,3660,4049,4082,4569,4006,3953,3039,3340,3317,3729,2997,1993026,2121094,2130911,2087841,2201781,2067385,2159745,1965979,2251275,2294815,2196212,1016,1172,1321,1410,1138,1085,1181,1016,1231,1075,1289,1374375,1512935,1806118,1943577,1650012,1633959,1844078,1622747,2056270,1767926,1720989,0.305859182668636,0.305859182668636,0.379968062455642,0.427290923331303,0.418581746552856,0.397377222320014,0.41009403185569,0.383531082040361,0.372280590045633,0.368696023030174,3267.29813264649,3267.29813264649,3654.50828858277,3692.33441955193,3805.68862745098,3830.80841638981,3890.37576041179,4001.33712321523,4094.04104903079,4083.34586466165,0.199606105366814,0.199606105366814,0.187987934705465,0.165955965538247,0.163328956007879,0.19996479493047,0.210804068317022,0.177466788358179,0.19929958611907,0.206098731208018,2623.92106561421,2623.92106561421,3525.52524775838,3598.5878342947,3767.54221105528,4199.32790492958,4634.91533909877,3767.20057142857,3821.70287539936,4048.21572684946,"DE","Delaware","delaware"
"ObjectID","{""type"":""Buffer"",""data"":[92,165,20,125,64,157,101,0,20,62,205,53]}",,"FL",377041,260610,297196,659668,632424,612302,575942,528412,499173,500512,1061933616.12,422786708.3,496936050.59,2241476816.38,2158298263.64,2128278043.28,2028397155.78,1885964743.23,1788156098.75,2015743382.42,1199274.41,455015,363240,2083320,1854656.79,1842090.66,1623593.43,1571733.9,1194644,1048511,390,235,211,704,627,633,568,536,420,361,0,5,5,4,3,4,6,5,0,27750,18453.5,17224.93,14611.41,18808.72,27086.51,21143.51,23881,6765,8403,17807603.62,3012863,3663194.26,2642,1718,2078,7918152.91,2597171.1,2980397.29,75395,77486,84358,92294,94435,97221,94529,88067,96231,88175,86452,46428287,45959475,45470225,47392477,46352631,45508796,47476440,44400646,49891880,47986432,48492173,19684,19070,19548,21911,21558,21120,21084,18469,18514,17661,18164,35913937,37175080,46528513,44316531,42445235,42247428,42782985,40664942,40351370,41736909,40942063,0.435941300838884,0.435941300838884,0.560964874072104,0.561984864063106,0.572520706252656,0.555707914859974,0.536054404211939,0.518352802486336,0.496352782904388,0.535715753686077,3480.33962165756,3480.33962165756,4348.98020384644,4510.09329574311,4195.74124421883,4250.94242397297,4343.09103054813,4357.96047190779,4348.25267975102,4713.9972597935,0.357997817537,0.357997817537,0.30901279682349,0.378538882053184,0.374981332781932,0.359868559216297,0.36363460396934,0.31374584717608,0.334820613705965,0.263600758647822,2918.76745145978,2918.76745145978,2594.32806101252,2614.18965491651,2296.50043654745,2248.38299406131,2350.23142710126,2447.1213893811,2409.30246128374,2715.83224182482,"FL","Florida","florida"
"ObjectID","{""type"":""Buffer"",""data"":[92,165,20,125,64,157,101,0,20,62,205,54]}",,"FM",2457,196,1730,3449,3017,2682,2764,2484,2358,2328,8778416.32,455305,2441494,12882701,11749761,10665734.43,10692080.24,9712911.9,9548375.9,9957846.14,0,0,0,0,0,0,0,0,0,0,0,0,0,0,0,0,0,0,0,0,0,0,0,0,0,0,0,0,0,0,0,0,0,0,0,0,0,0,0,0,0,0,0,0,0,0,0,0,303,241,"NA","NA","NA","NA","NA","NA","NA","NA","NA",167658,166797,"NA","NA","NA","NA","NA","NA","NA","NA","NA",233,102,"NA","NA","NA","NA","NA","NA","NA","NA","NA",119159,118682,"NA","NA","NA","NA","NA","NA","NA","NA","NA",1,1,0.981818181818182,1,0.974003466204506,0.930635838150289,0.970845481049563,0.988038277511962,0.959677419354839,0.955,2219.23529411765,2219.23529411765,2670.09686609687,2707.17307692308,2622.0462633452,2673.04347826087,2776.81681681682,5266.40435835351,5603.88445378151,5252.0907504363,0.016270337922403,0.016270337922403,0.034965034965035,0.0174825174825175,0.0849220103986135,0.0963391136801541,0.451895043731778,0.0454545454545455,0.274193548387097,0.37,848,848,556,589.7,598.938775510204,498,841.316129032258,969.052631578947,266.301470588235,339.09009009009,"FM",,
"ObjectID","{""type"":""Buffer"",""data"":[92,165,20,125,64,157,101,0,20,62,205,55]}",,"GA",206495,131515,153976,342518,308880,296698,276971,254787,239232,234136,526438617.82,170579319.47,219162628.48,1093975717.65,996359604.24,979908024.7,932954624.61,874198149.27,823651550.48,927698415.17,1995815,1415016,788970,2953478.44,2294733.8,1827415.1,1772002.13,1532450.93,1501937.42,1743890.92,672,766,500,938,778,621,593,519,529,632,0,1,2,3,2,3,5,3,0,2775,9990,15557.12,7969.72,16088.42,17153.47,13805.16,14323,2943,3363,10721711.75,1141884.27,1256695.78,1468,430,653,4540645.5,651848,982123,39283,39723,35868,38810,37654,39577,40406,40589,41571,40069,36970,30781281,28971608,23382313,23571576,24032368,22789331,25011364,23406984,24292896,25602176,23720917,13400,13558,12781,13282,14006,13480,13489,13236,12853,12389,12247,20799206,21739566,21891148,24181901,25221577,25024546,25838008,24259644,23766321,23358370,23119450,0.458020493658106,0.458020493658106,0.544699771364752,0.569110209525927,0.575002827450143,0.520235127565937,0.519362044456941,0.500462649916367,0.487503364133848,0.474333351338699,3617.05817223644,3617.05817223644,4547.45264807149,4635.3434765625,4281.12384990275,4429.74361097965,4501.50673724735,4612.06403555556,4613.42184682198,4734.84895991497,0.446462348995625,0.446462348995625,0.455100041091127,0.484555104762963,0.443934805282933,0.506478318407041,0.526250839620726,0.523346026548988,0.52469722795371,0.531536397846558,3498.09326020846,3498.09326020846,3748.98844746956,4362.56440254169,3797.04741415914,3972.45150999575,4165.65175576598,4644.23576212982,4974.6930310491,5046.12594424308,"GA","Georgia","georgia"
"ObjectID","{""type"":""Buffer"",""data"":[92,165,20,125,64,157,101,0,20,62,205,56]}",,"GU",2906,496,740,4197,4072,4246,4178,3839,3527,3444,8751565.72,821267,1343844,14696196.5,14529497.67,15472793,15664311.56,14758050.9,13746897,13945992.04,0,0,5000,68000,70158,121320.75,104185.27,71298,75873,65380,0,0,2,23,23,43,35,27,28,25,0,0,0,0,0,0,0,0,0,0,0,0,0,0,0,0,25,23,0,16950,16875,0,1,0,0,4000,0,0,691,316,385,503,453,545,344,346,412,318,320,293703,138547,177848,103822,196757,196525,169728,164806,163232,157964,177909,369,297,272,287,196,213,245,232,230,233,198,464774,453918,499415,555851,440936,428136,482690,481062,509572,526266,508076,0.537414965986395,0.537414965986395,0.547337278106509,0.734228187919463,0.716981132075472,0.634493670886076,0.651162790697674,0.598173515981735,0.517123287671233,0.619699042407661,2511.61075949367,2511.61075949367,3149.70540540541,3234.73674588665,3013.75910931174,3012.89027431421,3109.48214285714,3327.13486005089,4658.70860927152,5038.77262693157,0.120748299319728,0.120748299319728,0.100591715976331,0.0577181208053691,0.0595065312046444,0.0886075949367089,0.137873754152824,0.100456621004566,0.136986301369863,0.0711354309165527,2321.7323943662,2321.7323943662,4494.29411764706,3288.58139534884,3640.41463414634,3637.82142857143,2771.34939759036,3034.33333333333,5426.55,5739.59615384615,"GU",,
"ObjectID","{""type"":""Buffer"",""data"":[92,165,20,125,64,157,101,0,20,62,205,57]}",,"HI",12500,2595,3229,23337,23697,23065,22074,20654,18662,18268,36989445.57,3952263.31,5037610.57,82018589.04,83700334.78,82553245.28,80685045.92,76261649.09,68916538.05,71409808.69,14000,27000,24750,197000,138609,132025.8,104142.7,102395,140291.67,124000.5,5,10,15,72,51,50,41,41,44,40,0,0,0,0,0,0,0,0,0,0,0,0,0,0,0,0,737,40,80,573445.65,22289.2,58900,140,19,30,430723,23983.58,75333,2895,2558,1853,2097,2302,2169,2492,2510,2761,2962,3062,2329980,2309283,2364857,2473376,2248651,2114001,2471437,2539833,2232315,2328454,2432685,931,799,937,953,1053,1004,942,958,1096,982,955,1573767,1390157,1769429,1852320,2067272,2045213,1791210,1893757,2361795,2160688,2132184,0.307730182176268,0.307730182176268,0.375453800210797,0.426891367604268,0.43094062539562,0.429506545820745,0.424672897196262,0.411584145202189,0.384430630121503,0.365871505927118,3347.1836,3347.1836,3918.72364316906,4102.24140869071,4175.98824911868,4183.79630715123,4256.65669014085,4301.77723735409,4324.5112091143,4288.34,0.0417282127031019,0.0417282127031019,0.0516453917320529,0.0409796314258002,0.052411697683251,0.0326032225579053,0.0409968847352025,0.0814093153610036,0.0748799095789771,0.0638079906336894,2433.08849557522,2433.08849557522,2539.92517006803,1649.77514792899,2111.92995169082,2051.63706563707,2623.18844984802,2182.36393442623,2447.92641509434,2450.88073394495,"HI","Hawaii","hawaii"
"ObjectID","{""type"":""Buffer"",""data"":[92,165,20,125,64,157,101,0,20,62,205,58]}",,"IA",139199,89439,100294,134155,125900,124913,118020,102740,93641,89947,373438342.7,145258022.56,191368559.36,454264817.07,423635699.8,409881404.78,394388056.56,351750968.68,321583096.59,334765471.72,2384422.58,354372,404726,5708888,5706400.75,4722186.06,4892268.19,4108671.13,4032108.69,4070336.65,693,213,278,1643,1738,1514,1564,1347,1320,1331,0,1,1,1,1,2,1,2,0,5550,5550,5080.5,2655.85,10735.73,1353.67,10336.55,5808,518,582,4734497.51,321004.75,353763.5,799,379,237,2513094,451011,320994,26685,26329,27413,34144,38032,44361,35392,39679,40707,33771,33974,16139702,15380309,16179636,18138727,19084269,20933630,15458891,15183892,15133994,15344066,15342235,14992,14998,14585,15751,15256,15260,14757,15375,14791,13636,12919,16892730,17868172,17210946,20247576,19790680,19113921,18758101,18319553,18498752,16670559,16367230,0.316994257057349,0.316994257057349,0.408622754491018,0.440106651011472,0.425254396427031,0.407433976300547,0.37367646226148,0.368975683801851,0.354699357851722,0.350326264274062,3253.17232287148,3253.17232287148,4144.70961313013,4274.75694753224,4110.67102279508,4062.88255624389,4143.12144859459,4237.44952531646,4177.07653061224,4153.50523864959,0.139664051335976,0.139664051335976,0.116694610778443,0.100486778699151,0.0987895551551755,0.106753812636166,0.115933412604043,0.139387570423563,0.109223584354933,0.105336751340014,3293.93262548263,3293.93262548263,3090.68719211823,3154.14483933788,3061.18263549961,3374.33325037332,3312.38070818071,3568.10638743456,3850.21031533939,4149.18362831858,"IA","Iowa","iowa"
"ObjectID","{""type"":""Buffer"",""data"":[92,165,20,125,64,157,101,0,20,62,205,59]}",,"ID",30259,13193,15930,52602,52255,49014,47638,45344,42925,43583,92005205.13,24466831.32,30386908.19,191313491.89,193778491.87,182424398.88,177725244.88,168945155.63,156287265.24,177074431.1,421658,26283,70826,535747,535329,405593.4,373773.75,266652.5,150785,102651,124,25,43,179,187,158,131,99,74,48,0,2,0,2,3,0,1,1,0,4857,0,10160,13284.5,0,5419.58,5511.52,2653,910,1111,1991690.44,539581,574201.25,1071,472,576,3307960,931130,1174778.34,5929,6162,5537,5633,6747,5162,5753,6344,6828,6096,5969,2690680,2768833,2663964,2662572,2571640,2486198,2630731,2935411,3194029,2830528,2788847,2112,2012,2030,2089,2010,1906,1985,1895,1988,1814,1671,2725216,2523958,2556370,2858575,2682258,2569641,2663278,2635779,2925014,2644145,2490383,0.361232084883997,0.361232084883997,0.418599185208399,0.477336542318492,0.474257083621285,0.430918996159686,0.4132747681796,0.399665880503145,0.377696456086287,0.352746693794507,3312.78189390618,3312.78189390618,4107.79356166947,4229.36168067227,4188.1349726776,4096.87502590674,4183.70311761927,4125.38259159085,4223.45206527282,4224.24705599615,0.351334230738776,0.351334230738776,0.256424318395487,0.334777376654633,0.371112646855563,0.373582209520407,0.3867252318204,0.0771422955974843,0.048728813559322,0.0947778908104442,636.451205769664,636.451205769664,443.007027192178,501.182362808531,616.457402234637,607.015778149653,671.722614840989,3757.16050955414,2936.89130434783,3019.37835420394,"ID","Idaho","idaho"
"ObjectID","{""type"":""Buffer"",""data"":[92,165,20,125,64,157,101,0,20,62,205,60]}",,"IL",266074,102534,115402,396108,362225,345949,323768,288691,264537,258616,740745701.32,166185900.69,191141156.66,1321467969.76,1221906002.07,1186177733.64,1130888379.39,1023539829.31,943174776.71,985621369.04,1104124,593247.5,737443.5,4653032.56,4057380.85,3488947.66,4124031.22,3501527.77,2890556.03,2570072.08,334,314,426,1514,1327,1156,1343,1237,1002,941,1,1,1,0,0,0,1,0,1850,5550,5550,0,0,0,2709,0,14865,5172,4282,11620260.56,2498752.69,1900891.26,3284,1151,1055,10437991.37,2095504,1733817.2,47693,51124,51914,64192,57919,55044,59535,57495,56556,54513,54589,51971743,52807336,53865973,59135633,55269293,48059974,49939558,45486007,45053046,45043476,46937357,31485,31724,31427,34984,33836,32647,32705,29935,29805,28189,27763,54816482,58813324,62137633,68844439,64515743,63312021,62524346,56941247,55728171,53335267,51951339,0.390171512396483,0.390171512396483,0.456512920010583,0.489924552623597,0.480471805981826,0.460029273457694,0.457722528439076,0.433109139207596,0.417328536722108,0.408929502017864,3390.46502579348,3390.46502579348,4161.82151688432,4250.25523805839,4201.82844856379,4196.95229713873,4368.69727249435,4447.14699203967,4405.85521970333,4428.61045581175,0.219819020733299,0.219819020733299,0.23184584178499,0.252900363967243,0.269844135523861,0.261333084197523,0.2718956896276,0.275736166845645,0.250175200897029,0.279337801316156,3706.63521378133,3706.63521378133,3676.67088896497,3632.04354995877,3467.99405292893,3470.96806355511,3525.89197349331,3550.90247202066,3649.2153228442,3550.50822161482,"IL","Illinois","illinois"
"ObjectID","{""type"":""Buffer"",""data"":[92,165,20,125,64,157,101,0,20,62,205,61]}",,"IN",176966,75667,109910,281460,257658,246163,224694,193025,142275,127666,480442580.63,112956649.73,172260755.59,934102189.3,867825511.94,837126945.43,781461673.09,682906574.85,486720417.66,490360610.3,202000,155667,175143,912751,570996.4,365893.05,401788.03,389598.2,455124,398396,52,82,97,272,174,118,124,124,144,130,0,2,1,2,1,2,2,2,0,5959.46,5550,10160.5,5317.44,10706.43,10826.77,11040,13407,2528,2988,10049798.41,1361722.72,1851578.12,1877,1155,2110,5474013.78,2360913.87,4738265,33804,35966,34768,38459,46885,47816,64178,55370,62564,41069,38359,23606125,24545890,24849575,25879743,24492150,24101474,27995142,24337240,29095675,23243540,22570307,15482,14809,14383,16689,17124,15073,15767,15773,15026,13520,12854,19484503,19171978,20382876,25790386,28964716,23360060,24213784,26076640,23496819,19547586,18682486,0.311474427177773,0.311474427177773,0.411228813559322,0.459660129214211,0.437559279165349,0.409032491926448,0.409022580961406,0.395503985947845,0.367537669273317,0.349571666027362,3457.36781332692,3457.36781332692,4215.56970633694,4294.11178588198,4106.60596098266,4245.92124874119,4352.03986737507,4398.91702609216,4455.11270462801,4432.53443411015,0.234748467728642,0.234748467728642,0.233234463276836,0.253205174324072,0.252924438823901,0.237741382719304,0.248145485441652,0.26167072017295,0.268375149550049,0.266279430836393,4206.72799233961,4206.72799233961,3709.25501120329,3663.81155878843,3919.7015,4288.14540162173,4629.29670112596,5253.87936487446,5819.99890166688,5776.40444505419,"IN","Indiana","indiana"
"ObjectID","{""type"":""Buffer"",""data"":[92,165,20,125,64,157,101,0,20,62,205,62]}",,"KS",51341,18036,21979,81850,84411,83543,79800,72001,65657,64710,144813652.64,26215168.91,34319861.81,277815993.22,287531382.5,291138655.03,281452856.74,256985430.57,236330339.02,248676607.45,679218.5,106436,107993.01,1311354.32,1271338,1568037,1760184.77,1489025.58,1311694,1188545.26,227,78,90,463,468,589,663,597,563,485,0,2,1,2,0,3,4,4,0,11100,5550,7620,0,16059,20316.16,17570.78,3838,369,460,3034835,194859.62,232047.25,570,46,67,1806193,76000,89206,14128,15504,14385,13927,15325,15306,16397,13886,15008,14724,14631,7344948,7902213,7473293,6935761,6938020,6831200,6992624,6897971,7216691,8020447,7876728,6831,6670,6258,6824,6316,6168,6293,6151,6014,6040,5808,8493520,8934330,8907578,10110444,9359324,9149024,9230844,9009734,9216836,9304080,8840052,0.312043135268148,0.312043135268148,0.41017316017316,0.465536760788492,0.459322092104811,0.443766198335834,0.430087948330356,0.418028169014085,0.384012423278858,0.383466900867274,3373.64652673084,3373.64652673084,4136.98095316623,4049.05521779558,4016.50990654206,4080.96111580727,4240.4844636153,4279.49022911051,4278.28239938379,4283.79196488215,0.112072085112543,0.112072085112543,0.114989177489177,0.104088971763452,0.105189051821835,0.102612194789251,0.106499931290367,0.107359154929577,0.102861791022702,0.102023639623815,1639.03616402971,1639.03616402971,1695.57911764706,1585.6660268714,1642.1727064969,1719.00498504487,1686.9535483871,1668.86716956379,1816.81703810208,1746.61585365854,"KS","Kansas","kansas"
"ObjectID","{""type"":""Buffer"",""data"":[92,165,20,125,64,157,101,0,20,62,205,63]}",,"KY",88582,28602,33621,132953,125480,118567,114314,102392,96844,95942,260400865.12,43297844.11,52910211.57,462041712.34,441463155.13,423497042.69,414769281.15,376045723.58,355178333.27,371295190.62,904822.09,298775,286502,1772087.84,1654814,1348794.15,1212580.54,1282462.63,1529886.63,2017065.81,284,185,162,588,574,486,425,451,533,667,0,0,1,0,0,1,1,1,0,0,5550,0,0,5353,5413.76,5511.52,7977,752,1280,5915202.66,372336,622242.8,761,101,171,2356881.86,260081,295535,19865,20022,20610,25026,23726,21833,22299,18776,20154,19589,20385,11579523,11906575,11882659,12930362,12284630,12654888,13236332,11338786,12421424,11777123,12315720,10635,10407,10417,10848,11328,10912,11063,10606,9748,8899,8698,20848062,21561122,22490898,26875739,28963733,28702713,29360413,28736431,20522892,15561544,16633058,0.422190316662678,0.422190316662678,0.506729890592971,0.537917606066817,0.529680490206806,0.512565402445306,0.496530692182866,0.48868560423688,0.456720351390922,0.452274754683318,3616.52030984319,3616.52030984319,4685.76966565942,4209.75523909316,4239.05045705727,4217.8754958481,4305.62545782386,4333.25441900898,4405.4207860486,4348.4869165023,0.61806386429502,0.61806386429502,0.587957817786669,0.594691535150646,0.628925484188642,0.626643532951988,0.643724469811426,0.650797247160781,0.67493411420205,0.684061849539102,2242.79880409533,2242.79880409533,2319.93207880035,2277.06315698777,2398.76873559219,2412.23274929699,2533.26682023644,2511.12267722703,2588.8371729793,2645.44290371658,"KY","Kentucky","kentucky"
"ObjectID","{""type"":""Buffer"",""data"":[92,165,20,125,64,157,101,0,20,62,205,64]}",,"LA",83348,32924,35277,119216,111864,110741,110130,105169,103701,105527,255321767.55,48918468.19,54827308.76,435007907.2,411026143.27,409647425.8,411539848.55,395114848.38,389485168.33,422840018.56,657297.28,358589,219361,1663848,1543553.4,1298188,1279870.8,1017258.71,1077796.53,1270320.57,252,225,143,596,565,511,465,436,470,496,0,0,0,1,1,0,2,2,0,0,0,5238,5311,0,10832.58,11040,7185,1743,1883,5340170.33,868981.05,868855.06,664,134,245,2018570,266522,415992,22819,18045,18652,17213,15171,17293,15785,13901,13913,13424,14058,22147433,12395203,12795099,10938453,9240536,9067872,8634311,8150826,9059701,9704539,10370503,8733,7760,7680,8798,8489,7836,7555,7498,6670,6942,7212,11167290,10886302,11798140,13904732,14222433,13312266,12542239,12249896,11043110,11497185,12211260,0.439919227307009,0.439919227307009,0.492241479585902,0.530694258395307,0.525098355216381,0.499962614959001,0.516652561358092,0.518164243930607,0.50187293426368,0.503576897010467,3374.40509899347,3374.40509899347,4134.85977598185,4295.59970406476,4252.25166997653,4362.70518444666,4467.44883407208,4494.6065216338,4548.36479828284,4589.56135978467,0.434980415054862,0.434980415054862,0.425264627195533,0.467065453369671,0.477082049580509,0.483513196919473,0.467740329566386,0.474454570560619,0.494038437997307,0.479931725193905,2955.86134571285,2955.86134571285,2729.29578774617,2767.38218859714,3064.12747143567,3550.05180412371,4164.97259326273,4597.25129643348,4683.80910847911,3756.21626569038,"LA","Louisiana","louisiana"
"ObjectID","{""type"":""Buffer"",""data"":[92,165,20,125,64,157,101,0,20,62,205,65]}",,"MA",90350,25711,27259,140334,140533,141336,138686,130168,122556,125005,264301724.47,43559775.01,43523885.04,485970327.66,491881758.25,503016024.5,498794821.14,475608868.45,449018035.2,488400626.67,812000,281500,899095,3175424,2456102,2397718.9,2081080.92,2003469,1790132.5,1662837,237,121,439,994,751,771,663,634,578,511,0,0,0,0,1,1,0,1,0,0,0,0,5311,5382,0,5529,11090,1259,970,9351635.42,723726,638495.75,1556,241,270,5176092,544672,644500,39281,41400,41471,44084,45059,45061,45514,44699,46493,46619,46198,45485922,44578595,44370968,45908561,43468676,41709680,41178548,40008674,41655077,44536149,42065548,37097,36926,37158,40706,40872,41927,39700,38774,37821,36300,34683,53164011,55222175,57220185,61828819,59938934,58671896,57009696,56113784,53712386,55518137,55980333,0.299333308686704,0.299333308686704,0.367623358771389,0.376378624574963,0.361947700631199,0.357242164638587,0.356541472519504,0.339776620338133,0.321989153203822,0.313294561183038,3515.49872375463,3515.49872375463,4175.88369919092,4113.46424642464,4077.8094882198,4175.23595255745,4219.54425278698,4265.78199032708,4343.82042598699,4382.83288246269,0.244408296055307,0.244408296055307,0.253720908185998,0.270831503532039,0.265503027180214,0.265164254597937,0.280955002618469,0.281160348717377,0.276650692989756,0.22890668381214,1963.40508243836,1963.40508243836,1731.56886647051,1507.6865415798,1613.19703071176,1735.07020872865,1608.1397027195,1748.79360047551,1809.38450368219,1805.51643791893,"MA","Massachusetts","massachusetts"
"ObjectID","{""type"":""Buffer"",""data"":[92,165,20,125,64,157,101,0,20,62,205,66]}",,"MD",80845,33813,32440,134348,128096,122662,121436,112443,108310,107486,222811593.59,53897559.02,50442156.34,433233622.28,413134613.19,405460135.25,402787092.47,377377974.39,365105280.79,381423170.77,171090,98500,35360,669144,665482,558441.6,483050.3,422028.5,571322.5,641613,54,46,24,211,210,193,153,139,183,218,0,0,0,0,0,1,1,0,0,0,0,0,0,5353,5413,0,5246,835,983,4099714.5,392133.75,614604.25,682,187,275,2270813.45,427400,582000,21561,20749,21757,23391,23740,22904,22682,21251,22654,21079,20665,15224055,14858935,15167637,15423143,14855163,13800438,14054643,13729537,14551109,14741886,15209388,8427,8361,8567,8971,8655,8317,8294,8115,7866,7355,7011,14752318,14301409,15438898,17023542,16800643,15861429,15613026,15130272,14682984,14303406,14015764,0.355088218078435,0.355088218078435,0.402483154479661,0.443431449162108,0.448770351426027,0.413111541311154,0.422616300255071,0.405594584893082,0.40297319502927,0.378397961223266,3596.84769810432,3596.84769810432,4126.22823334883,4210.05624632857,4153.02818908055,4135.7866358114,4217.82876357993,4157.92388899425,4212.54609748327,4195.68425222846,0.177397775733757,0.177397775733757,0.16244488811247,0.162498914647912,0.140090882104446,0.143304414330441,0.186420502854367,0.167529870263063,0.146015199753518,0.165900459724166,2663.91751119491,2663.91751119491,2487.16579183203,2427.03526582955,2650.05493072535,2665.98132088059,2757.03309877508,2823.19207223753,2951.90311236153,2996.54728915663,"MD","Maryland","maryland"
"ObjectID","{""type"":""Buffer"",""data"":[92,165,20,125,64,157,101,0,20,62,205,67]}",,"ME",20773,4133,4515,31643,30823,30286,28684,26343,24588,24350,60499046.01,6300614.54,6638369.47,109595745.88,109810508.64,109220077.31,104287202.15,96850712.03,90169802.24,94020935.82,0,8001,5000,175700,184823,104675,43616,72422,39412,45936,0,4,4,46,56,37,18,29,15,17,0,0,1,2,1,1,0,0,0,0,5550,10319.06,2655.38,5353,0,0,2590,245,91,1983567.59,141940,33754,231,59,46,756889,106882,113000,10487,10874,10141,12022,11567,12403,12399,10658,11275,10974,10048,9350369,8869974,8376595,9098139,8902263,8653262,8883089,8771396,8794740,8816527,8882385,6646,6615,7016,6855,7105,7184,7012,7192,7031,6969,6519,9854512,10333509,10560570,10410970,10789840,11100288,10751908,10913994,10685046,10726348,10287155,0.350881429606375,0.350881429606375,0.433829477430836,0.471360481645623,0.465731246627091,0.444800439399487,0.447585827060767,0.422890197293668,0.422758409160618,0.382227511653278,3520.6446432668,3520.6446432668,4201.90956554167,4041.75997871208,4049.77327153341,4107.36674212801,4096.23051681706,4184.47557401075,4228.71801692866,4214.13855734302,0.282862432584722,0.282862432584722,0.27447015046109,0.296596705410151,0.29699586256521,0.311058220432076,0.278226546722967,0.310298522879868,0.283304365606789,0.249925617375781,1286.55663062038,1286.55663062038,1167.21455938697,1168.26360304483,1106.79164142944,1101.69688051795,963.805344770703,1066.74600532623,1547.57307831108,1677.37619047619,"ME","Maine","maine"
"ObjectID","{""type"":""Buffer"",""data"":[92,165,20,125,64,157,101,0,20,62,205,68]}",,"MH",892,225,317,1235,1276,1213,1226,1182,1186,1222,2830243,336726,432377,4677919,4739957,4635905,4748497,4608438,4567844,5226655,0,0,0,0,0,0,0,0,0,0,0,0,0,0,0,0,0,0,0,0,0,0,0,0,0,0,0,0,0,0,0,0,0,0,0,0,0,0,0,0,0,0,0,0,0,0,0,0,157,170,"NA","NA","NA","NA","NA","NA","NA","NA","NA",68452,68447,"NA","NA","NA","NA","NA","NA","NA","NA","NA",81,50,"NA","NA","NA","NA","NA","NA","NA","NA","NA",60694,31695,"NA","NA","NA","NA","NA","NA","NA","NA","NA",1,1,0.977443609022556,0.98695652173913,0.994490358126722,0.963746223564955,0.98326359832636,0.99388379204893,0.996336996336996,0.996336996336996,2366,2366,4849.26153846154,4754.62114537445,4619.43767313019,4504.36677115987,5005.15744680851,4810.38153846154,5008.32352941176,4989.49632352941,1,1,0.0075187969924812,0.0173913043478261,0.00550964187327824,0.0876132930513595,0.0460251046025105,0.00917431192660551,0.00732600732600733,0.0402930402930403,2365,2365,2000,1000,1000,2578.79310344828,1825.81818181818,266.666666666667,1630,1104,"MH",,
"ObjectID","{""type"":""Buffer"",""data"":[92,165,20,125,64,157,101,0,20,62,205,69]}",,"MI",225572,103785,105667,333187,307933,285148,263693,228596,206085,199512,618985587.03,156227902.15,160991204.69,1089873327.02,1017080846.65,959879202.11,894562952.57,789646914.02,716652861.65,746115018.03,1734490,536687,431516,3717919,2979802.67,2455285.4,2063101.7,1722605.62,1499515.6,1387114.5,548,334,308,1176,1003,851,738,647,543,479,1,2,3,4,4,2,5,1,1388,11100,16650,20479.5,19927.52,8044.15,26440.58,5529,10459,1228,1129,8425942.5,645257.75,562570.75,2213,940,933,6861978.62,1695972.5,1465309,44419,48252,52249,61279,67549,63096,67318,60333,57791,52406,49891,34810839,35903899,35224737,36439879,34258289,34861626,34458834,31632903,33030668,33666202,32742152,19448,18561,20669,25049,23372,23366,22491,21703,19856,19450,18646,31404702,31663139,33581389,42848850,39124753,38992095,37494589,35710393,34282402,33668027,33031911,0.391836024196005,0.391836024196005,0.479377538351466,0.494625704710774,0.481345923919674,0.457675449519351,0.444622875422346,0.421732401131451,0.396098190504956,0.381550376875735,3489.14438027543,3489.14438027543,4395.33037027282,4454.10806462577,4303.60607289502,4272.33734185825,4331.36900806149,4392.53907238674,4444.87459706769,4423.79987675801,0.403433569781105,0.403433569781105,0.172250163085794,0.163873975857702,0.162360002928043,0.174802012252827,0.190778401572477,0.181058867481454,0.173000356956534,0.208436484337183,1808.4647537889,1808.4647537889,1819.54309449637,1808.56815539293,1733.31973249173,1866.67424134492,1807.92262626263,2050.30663227708,2320.04206015396,2118.96025479398,"MI","Michigan","michigan"
"ObjectID","{""type"":""Buffer"",""data"":[92,165,20,125,64,157,101,0,20,62,205,70]}",,"MN",100328,47058,59143,176788,172180,161721,150607,136554,124428,120700,269188001.14,62355807.52,78438607.62,561715237.06,550632227.27,526533725.19,495197814.2,451269250.13,407495998.97,425048944.46,798716,569156,520428,5021423.97,4562932,3777287.44,3949033.17,3185945,2310967.44,1762695,272,461,429,1602,1498,1288,1367,1133,823,590,0,0,0,0,0,0,1,1,0,0,0,0,0,0,5419.58,5529,8097,826,807,6417149.5,383233.5,332479,1068,382,454,3255421,541582,621215,22884,23272,22746,30432,37147,36614,34099,30128,31921,31478,28375,22673043,22880049,22187849,24090897,24555254,24403591,25014485,23831203,24961994,24742278,23751119,13195,14311,13976,15577,15026,15260,15077,14247,13079,12846,12300,20218116,22562930,22547815,26110134,24573032,25761065,25902718,24521443,23746964,24629925,23820708,0.308116928903842,0.308116928903842,0.387491928066845,0.417719128938866,0.399669189287171,0.389458135009027,0.384878154393899,0.36885901344395,0.348444330161995,0.343081601621896,3327.44396495358,3327.44396495358,3977.86567013433,3989.66008738888,3989.77776517943,4021.71770018061,4075.8758672417,4140.35776708895,4208.80208102723,4186.25011079923,0.354815963897899,0.354815963897899,0.443242079721347,0.390886585826375,0.377577377985227,0.371474126005299,0.368976881810965,0.378179819081413,0.354975572126511,0.371312721743538,2150.05933454463,2150.05933454463,2249.4869100702,1810.27533276084,1934.3710993759,2155.71305939532,2317.69859173295,2548.15455266288,2778.51973922492,3069.91864591865,"MN","Minnesota","minnesota"
"ObjectID","{""type"":""Buffer"",""data"":[92,165,20,125,64,157,101,0,20,62,205,71]}",,"MO",116404,46686,55500,185896,176537,166809,156723,141845,129267,123518,328205816.68,67430581.41,80926500.34,623939234.06,596111705.19,573155878.48,543709993.07,497589294.95,457366664.92,473559809.57,1071030,257850,245463,2037735,1973595,1590587.1,1435185.9,1203149,1247937,1506190,334,172,168,676,658,563,512,456,442,545,0,0,0,0,0,3,2,2,0,0,0,0,0,11844.85,10827.54,11022.52,7586,1604,1436,5910565.24,968883.75,763711.87,1084,345,291,3326252.55,775687,471627,24743,26656,26813,27958,24906,24467,24919,24436,24391,23447,22996,18259439,18269680,18097955,18237387,16465810,15919291,15649738,14779518,16122899,16114752,15714469,14730,14057,14226,15403,15374,14710,14475,13984,13006,12575,12075,23632985,24243386,25784590,28244132,26226828,26220766,25673856,24877289,21762170,21336224,20395612,0.389156585908279,0.389156585908279,0.466092057221524,0.485735451477488,0.486407040857148,0.465310098495508,0.461376986392178,0.454029574861368,0.424010041775355,0.413827344380314,3588.4693479955,3588.4693479955,4476.91578913574,4299.9431302108,4226.36066511711,4227.60866868264,4246.92385057471,4319.27354150552,4294.89536981359,4267.55013997201,0.291353573474408,0.291353573474408,0.280166995869995,0.320586056465553,0.348668533560607,0.354854421474185,0.370817758300035,0.372273567467652,0.37070233588954,0.37967272802499,2573.02995431678,2573.02995431678,2224.72675319126,1512.47139776112,1495.69689713659,1645.2162574348,1770.31592015096,1930.93142999007,2126.96031955981,2377.95292322781,"MO","Missouri","missouri"
"ObjectID","{""type"":""Buffer"",""data"":[92,165,20,125,64,157,101,0,20,62,205,72]}",,"MP",554,0,320,995,1066,1012,1026,939,899,985,1610928,0,802602,4022379,4383707,4038695,4210661,3909642,3776185,4258562.12,0,0,0,0,182454,187000.75,154807,98792,71222,80791,0,0,0,0,60,55,49,31,22,25,0,0,0,0,0,0,0,0,0,0,0,0,0,0,0,0,0,0,0,0,0,0,0,0,0,0,0,0,140,98,114,71,141,173,142,121,138,138,107,30659,21810,67000,6600,20800,68999,93488,27200,41300,41550,43750,27,29,31,22,15,27,22,14,32,31,25,22771,25545,49177,44885,24300,41009,63532,27405,32633,33080,35164,0.677165354330709,0.677165354330709,0.746153846153846,0.763313609467456,0.869090909090909,0.868055555555556,0.86328125,0.868613138686131,0.814655172413793,0.813868613138686,3672.25581395349,3672.25581395349,4394.02577319588,4600.57751937985,4752.6359832636,4821.532,4793.38914027149,4796.40756302521,4676.17989417989,4813.83856502242,0,0,0,0,0.698181818181818,0.430555555555556,0,0,0,0,"NA","NA","NA","NA",1265.56770833333,894.854838709677,"NA","NA","NA","NA","MP",,
"ObjectID","{""type"":""Buffer"",""data"":[92,165,20,125,64,157,101,0,20,62,205,73]}",,"MS",80612,33100,33257,107152,96540,91447,87851,82796,80031,78281,258937248.43,59502944.32,66798165.74,414532488.98,370687542.99,359093466.68,351717301.34,335141762.58,325859332.71,341608953.35,487644,279635,210866,1133949,1259114.5,847484.8,831380.9,737606,564604.5,555698.26,173,208,172,432,440,299,301,270,208,201,0,0,0,0,1,3,2,0,0,0,0,0,5311.71,11379.33,8494.58,0,6259,536,504,4757320.72,326656.25,259947.28,553,41,104,1705015,75355,158623,15169,14177,14766,15999,14360,14114,11963,13065,20049,14195,12281,9559229,9499289,9277356,9436387,9055477,9165190,9008687,8964026,9468661,10003810,9732770,8609,8067,7945,7636,7018,6751,7406,7131,6862,6592,7010,10609362,10454123,11168266,11665367,10839532,10224845,11236087,10558387,10585201,10420225,10903767,0.535853215767635,0.535853215767635,0.597875149691405,0.627275649455013,0.611478485528865,0.602786251139973,0.596807022007378,0.585888324873096,0.56583617976023,0.555275651584149,3765.14670296431,3765.14670296431,4595.80062657285,4681.89145625641,4565.20280669986,4530.56683013356,4563.64675476926,4729.98169005949,4733.88571935847,4752.81457569941,0.248573651452282,0.248573651452282,0.200540424355943,0.200841588498291,0.183864915572233,0.224346677568477,0.243448670652589,0.257258883248731,0.2421806978769,0.244065497529309,893.76630151278,893.76630151278,808.323533915174,928.931470973374,992.11993977919,983.804737874965,1337.55845852384,1539.76650881347,1599.90846238938,1659.7188037581,"MS","Mississippi","mississippi"
"ObjectID","{""type"":""Buffer"",""data"":[92,165,20,125,64,157,101,0,20,62,205,74]}",,"MT",15740,3408,4025,23789,22230,20818,18999,17245,16244,15729,47932396.18,5387804.62,6394357.8,86863064.33,81480591.5,77175802.78,71406381.2,65255147.54,61471948.93,62272271.24,12000,4000,3000,68500,58244,68273.4,96814.1,66008,44072,40343,3,1,2,21,20,20,29,20,15,11,0,0,0,0,0,0,0,0,0,0,0,0,0,0,0,0,1219,159,75,948514.39,95441.5,45191.5,264,27,13,813855.23,43587,28500,4110,3883,3610,3398,3534,4123,4243,4074,4249,4093,4288,2978563,2977066,2806899,2572648,2284684,2294804,2288105,2271209,2541691,2339479,2414303,2254,2207,2105,2130,2271,2185,2199,1967,1912,1959,1923,2880405,2914184,2967471,3329150,3251083,3287512,3161089,2964725,2849508,2964794,2889634,0.325657894736842,0.325657894736842,0.388368654509611,0.435237329042639,0.435512897420516,0.405077399380805,0.395657568238213,0.378636030310438,0.353489543965734,0.332163889236938,3409.87567987568,3409.87567987568,4253.10120558376,4128.72035912332,4008.55426997245,4174.62519107307,4102.41705863907,4166.1885087153,4226.33570919458,4194.09241795549,0.181300607287449,0.181300607287449,0.176688023656974,0.151017124468452,0.175764847030594,0.155417956656347,0.158064516129032,0.136274749450012,0.109851347946586,0.110011276782358,1756.60990928123,1756.60990928123,1806.90167364017,1884.20319634703,1979.58361774744,2141.44860557769,2002.08791208791,2363.12107623318,2900.0630733945,2616.08428246014,"MT","Montana","montana"
"ObjectID","{""type"":""Buffer"",""data"":[92,165,20,125,64,157,101,0,20,62,205,75]}",,"NC",166509,72657,79757,264435,259246,254979,244685,223644,211968,207713,496917261.98,114873553.64,131695058.33,944853187.71,925173708.48,914732088.31,888754749.16,826489726.41,784650260.43,829236399.34,379122,51375,65000,1351890,1238405,913211.2,816584.3,656477.3,555243.8,509447,119,26,31,419,391,304,255,217,181,164,1,2,4,7,5,4,4,3,2775,11100,15987,34926.43,20922.36,21528.3,18954.01,16534.56,15235,1849,1880,11610752.11,1004354.12,1058813.39,1320,147,193,4302712.5,386586,406244,26852,25394,26047,27788,28539,30959,30609,30705,32048,29983,30048,23764021,23817069,22576001,23535830,22272044,21227976,21282715,21031896,22654779,22942523,23184579,17780,17462,17078,18798,18988,19343,17605,18048,18023,17789,17602,21705157,22377755,23283073,27850551,27338714,27902814,26215103,26181231,25562251,25645620,26684093,0.338069077009494,0.338069077009494,0.418356858124201,0.47271575245041,0.479388501163177,0.460943349139007,0.461226782204036,0.456058893195521,0.439378695370536,0.437681238715325,3597.31086886043,3597.31086886043,4315.51342362318,4506.73665782203,4312.64222727525,4340.11042088166,4469.04499724566,4529.100185912,4564.98481806775,4552.08734920933,0.379402940088504,0.379402940088504,0.368942261889839,0.356790027672175,0.3166234629445,0.29554857945963,0.287666653294286,0.284224267872524,0.290020259933569,0.295590085900312,3689.22308886722,3689.22308886722,3195.01236749117,3071.89540446506,2799.97879754807,2969.37122794542,3010.63717924879,3012.32023296558,3100.39856484342,3114.10277649236,"NC","North Carolina","north_carolina"
"ObjectID","{""type"":""Buffer"",""data"":[92,165,20,125,64,157,101,0,20,62,205,76]}",,"ND",11304,2545,3229,14731,13437,12653,11930,11152,11089,11605,34309213.63,3845197.84,4892497.96,52389726.85,47867607.93,45599790.44,43360190.29,41246650.99,41350423.8,45789948.03,269110,22128,22680,392800,328470,311920.2,339883.8,223743,192804,140557,83,19,20,124,112,111,119,85,68,54,0,0,0,0,0,0,0,0,0,0,0,0,0,0,0,0,1237,39,43,963300,17577,27433,155,16,19,461307.24,32000,30500,5299,4942,4658,5870,4612,4439,5089,7136,8042,7700,7563,3815498,3720458,3669585,3865755,3409524,3234919,3701163,3543677,3614665,3409050,3763866,2895,2634,2500,2521,2421,2289,2061,2138,1981,1974,1875,3222286,3075371,3098387,3408758,3131451,2902315,2688527,2923727,2793002,2892233,2690936,0.257056451612903,0.257056451612903,0.313162393162393,0.345828698553949,0.319348359741129,0.2959229390681,0.284849190637009,0.278276481149013,0.260233573198065,0.270452130799197,3202.4348583878,3202.4348583878,3901.66666666667,3906.99035059505,3867.67190775681,3946.86449659349,3908.20441537204,3935.42322580645,4030.19945602901,4042.28502837189,0.138104838709677,0.138104838709677,0.221652421652422,0.309010011123471,0.273488060700736,0.281586021505376,0.290671945964831,0.29311789347696,0.310959065707208,0.306339275174123,1051.27818329278,1051.27818329278,1441.47146529563,1643.95032397408,1848.41778865769,1909.70684168656,2014.96314102564,2021.22376480196,2217.96623672231,2112.57379576108,"ND","North Dakota","north_dakota"
"ObjectID","{""type"":""Buffer"",""data"":[92,165,20,125,64,157,101,0,20,62,205,77]}",,"NE",29875,11381,12527,48161,45690,42919,41152,36840,35457,36262,80868068.32,15380543.89,16839610.96,155707347.14,148819178.72,142894705.3,138878873.57,126762060.71,123073385.93,135199093.27,515885,137556,126332,1007663,916434,929023.37,1096057.4,955183.48,842020.3,911624.5,154,87,77,315,288,298,351,323,279,297,0,0,0,1,1,1,0,1,0,0,0,5238,5311,5382,0,1382.32,3611,719,610,2839667.24,297374.75,195177,368,57,49,1143273,116253,89261,8703,8182,7825,7661,7127,6577,9536,9364,9014,8302,7703,6162618,6373957,5687074,5714948,5218668,5018722,5587292,5506915,5773587,5769359,5772617,4887,4650,4465,4642,4447,4422,3989,4018,3827,3852,3609,5697591,5660232,5694774,6230062,5972796,6170152,5860596,5976704,5606024,5844899,5817627,0.316268423403305,0.316268423403305,0.389120885080536,0.3899866720751,0.384311613713875,0.381338496913954,0.380270996378928,0.374043537576369,0.352781954887218,0.342018779342723,3169.38234774934,3169.38234774934,3848.45017421603,3806.25958395245,3806.74544605325,3892.78387813393,3982.87206266319,4048.40263241357,4019.56692242114,4063.86547700755,0.171505136221527,0.171505136221527,0.190899723412333,0.162484788781364,0.159995213307007,0.172213481786276,0.18198808550403,0.181327480870752,0.169503759398496,0.163556338028169,1254.62239583333,1254.62239583333,1280.68068181818,1219.62803138374,1335.95512341062,1344.34715390021,1298.24775353017,1472.15538109257,1639.73491838183,1706.34373878723,"NE","Nebraska","nebraska"
"ObjectID","{""type"":""Buffer"",""data"":[92,165,20,125,64,157,101,0,20,62,205,78]}",,"NH",14100,4160,4753,24289,28628,35666,46207,53922,51489,60951,39372134.28,4958800.64,5121707.73,76363944.26,85546773.93,100046209.64,121845792.29,136396554.69,123781961.58,163845717.93,33000,107000,100000,248500,252169,291521,168315,108770,62419,40982,12,33,49,76,78,91,49,36,19,14,0,0,0,0,0,0,0,0,0,0,0,0,0,0,0,0,1847,178,186,1526376.06,101329.09,88829.02,176,58,75,617984,82741,127355,8536,7635,7920,9338,10470,10364,10830,11120,10957,10577,9139,8309989,7821409,7869570,8035440,7762961,7323717,7578466,7139024,7383823,7329175,7044265,6577,6786,6886,7317,7247,7013,6830,6768,6194,6221,6119,7559399,7730333,8094373,8776376,8875984,8583204,8507919,8188555,7538221,7484263,7320890,0.240966559437421,0.240966559437421,0.3137421919364,0.326617562102831,0.313390313390313,0.33140625,0.339178987102863,0.344511733535201,0.32406868451688,0.32058387323394,3738.30704750078,3738.30704750078,3958.2479638009,3855.77382268406,3835.98232323232,3869.4603960396,3932.42800834686,3892.60646011866,3937.92052088011,3838.99172145118,0.135333283459265,0.135333283459265,0.141964792731403,0.148324667822068,0.0729661285216841,0.072734375,0.127005347593583,0.0796366389099167,0.0697759022118743,0.0796971352743736,1382.818684356,1382.818684356,1443.6975,970.740506329114,715.793926247288,725.445757250269,1069.02291021672,993.568441064639,1122.09697601668,1353.14887365328,"NH","New Hampshire","new_hampshire"
"ObjectID","{""type"":""Buffer"",""data"":[92,165,20,125,64,157,101,0,20,62,205,79]}",,"NJ",121461,49231,51023,187088,180476,180095,176174,166332,160143,162499,364944724.82,88400731.76,94549865.23,667166669.01,649356256.22,659456383.05,659716316.11,632095777.41,611331448.29,662123196.18,407016,79000,106166,1254073,1179681,982553.09,824984.35,937895.95,870865,686914.5,146,45,61,413,394,357,307,350,328,248,0,0,0,1,1,1,2,2,0,0,0,5238.56,4647.98,3364.06,5416.89,9675.48,6750,2014,1284,5557542,1184383.52,885137,1328,794,712,4482650,2182455,1766640,32306,31502,29479,33918,31681,33002,35711,30182,34100,34339,35680,22096168,21981514,21989460,21863659,19749172,19434284,19463306,17708299,20138353,20494100,21255792,13723,12863,13432,14913,14537,13952,13484,13194,13024,12625,13694,20848097,19921241,20648593,23677493,22449943,21528041,20670335,20063338,20743337,21945216,22449263,0.388020206879962,0.388020206879962,0.457392458779323,0.499304906402052,0.507412007187401,0.487986813432419,0.487229586314502,0.482212584470412,0.465998394936479,0.461827668226809,3448.56955003752,3448.56955003752,4109.60813227253,4265.41497251758,4217.91818773597,4198.47254823381,4338.77393110611,4308.91645501539,4461.4175792039,4496.60747632497,0.262942658546776,0.262942658546776,0.241349880871946,0.223436638623235,0.245137934679209,0.238643348047159,0.250769598403171,0.255997579355359,0.258309232143668,0.260922274226962,3775.52359399076,3775.52359399076,4403.48484848485,3952.45666166059,4178.72022205454,4678.36203465231,4925.69971973094,5075.56661225868,5295.91306641655,5712.62012586014,"NJ","New Jersey","new_jersey"
"ObjectID","{""type"":""Buffer"",""data"":[92,165,20,125,64,157,101,0,20,62,205,80]}",,"NM",44192,17881,21554,67893,64598,61085,56191,50790,48381,45081,125469194.32,22176008.62,28327649.81,232631737.51,222411590.04,212435683.9,196793031.57,179749465.16,172202509.78,168579275.99,195386,66000,54892,941019,725163,547467.6,481706.2,460581.71,409720.5,220079,71,33,31,346,285,228,198,189,179,103,0,0,1,1,0,0,0,0,0,0,5550,441.12,0,0,0,0,1607,271,171,1191665.5,109227.38,50020.5,371,52,20,1063358,139138,29533,6931,6315,5911,6586,6813,7545,8216,8139,8445,8289,7950,5528847,4637978,5352733,4986401,5262311,5273709,5614125,5635839,5949739,5882523,6012776,3899,3521,2988,3103,3257,3046,3125,2952,2774,2816,2693,7381188,7667053,6914866,7398098,7458856,7325841,7439854,6936622,6740822,7388218,6714843,0.47136588979429,0.47136588979429,0.569576745556319,0.605344751218072,0.609203612060609,0.581941355949734,0.577569796954315,0.578506462422212,0.561702127659575,0.568458241630951,3593.73150386847,3593.73150386847,4444.43224137931,4692.86804878049,4548.97939871033,4399.30374122456,4466.26439622814,4490.37774100124,4424.57415706359,4451.96138563423,0.496210610291185,0.496210610291185,0.477953451831484,0.521383926374329,0.480485689505637,0.494647566840772,0.470970812182741,0.517472474868358,0.526940365597842,0.540657940461022,1830.87781350482,1830.87781350482,1748.24820217793,2203.16169529923,2018.51104268422,2228.74166231051,1845.04052992029,2433.47872340426,2494.46087352138,2472.2690948045,"NM","New Mexico","new_mexico"
"ObjectID","{""type"":""Buffer"",""data"":[92,165,20,125,64,157,101,0,20,62,205,81]}",,"NV",20549,10888,10344,43237,41754,43325,44924,42132,38992,39728,55985296.52,16657265.9,16390115.55,136344621.98,133849961.03,140372572.21,147941772.55,143789388.84,133525449.71,143338437.03,7500,23000,18445,235495,248263,202936,270385,325715,280795,278041,2,10,11,76,85,79,95,116,104,104,0,0,0,0,0,0,0,0,0,0,0,0,0,0,0,0,416,161,506,325970,86030.5,347654.45,195,12,230,565982,25500,756622,2700,2546,3018,3721,4391,4378,5657,4490,4752,4342,4736,2357499,2473960,2292863,2406883,2349435,2360691,2502268,2838245,3055350,3247824,3140219,1061,1029,1193,1251,1179,1230,1153,1069,1140,1198,1130,2186013,1891302,2396009,2867172,2357050,3050531,2769470,3139029,3094627,3113037,3069096,0.400153428537708,0.400153428537708,0.505009408533794,0.507307259925448,0.512126085558057,0.464849539274438,0.496488998863104,0.489741472400432,0.479274769550089,0.480280727905099,3268.96858870373,3268.96858870373,3934.2306143001,4109.88989969676,4105.11079010175,4007.29082339895,4135.71026400862,4106.26744487678,4164.30212711756,4267.45726108884,0.314292458397262,0.314292458397262,0.267812643035142,0.294952961363233,0.299324541653265,0.343578838842709,0.38039189460309,0.370640919773868,0.400708137476345,0.419787590832868,1718.15095756665,1718.15095756665,1612.75921002659,1615.94383149448,2160.09090909091,2355.67723180795,2183.22661744023,2335.74361610968,2363.93479585619,2289.70986832372,"NV","Nevada","nevada"
"ObjectID","{""type"":""Buffer"",""data"":[92,165,20,125,64,157,101,0,20,62,205,82]}",,"NY",390905,98086,122998,536335,524810,513279,508765,482949,461114,466497,1227243094.28,187665344.55,245996083.42,2005088482.98,1985067304.83,1987321893.02,2006585969.28,1937387040.78,1860105534.38,1996550023.12,4352472.66,476377.36,474232.64,9887943.56,8960270.1,7215548.55,6084484.86,5553890.27,5523646.6,5660982.64,1380,236,269,3206,2837,2428,2070,1949,1983,2022,0,0,0,2,1,1,1,2,0,0,0,10476,5311,5382,5142,7733,33731,6586,8081,26781984.15,3363966.76,3911123.75,4307,1278,1178,13354567.44,2466974.55,2308498.28,115557,116384,110929,113381,114480,110083,106278,103176,105834,104724,107630,102669054,99985544,94497402,95392809,88695955,79721761,75709153,68494730,73319294,77103023,78594097,72238,71141,70848,75211,73742,73298,71154,68363,63765,66089,61123,108374219,109222811,110242637,119676344,113960985,111635760,108092436,105104150,104546156,110846970,107376053,0.424119503233323,0.424119503233323,0.481558262071348,0.50694132831257,0.510716806320666,0.491403760635877,0.494992717137659,0.491732540617269,0.47776155563314,0.466370578821305,3468.47899197046,3468.47899197046,4115.31939579891,4296.78023452115,4312.74262898693,4318.14168651642,4446.2452551623,4569.95918879627,4619.48054076198,4611.02381363642,0.441128054676408,0.441128054676408,0.451253165305074,0.428382423011625,0.43436104150779,0.430537283718417,0.459591454102847,0.491341668509594,0.475529247468816,0.45949110125345,2421.376256362,2421.376256362,2562.61551093604,2489.67880090278,2689.00342417204,2807.09824561404,2853.738978813,3034.01913434867,3187.14372323266,3382.35698924731,"NY","New York","new_york"
"ObjectID","{""type"":""Buffer"",""data"":[92,165,20,125,64,157,101,0,20,62,205,83]}",,"OH",227545,83121,99564,340371,303925,279030,252704,226294,213097,209761,636899995.08,125634112.56,151191513.18,1111788219.57,1028869557.24,961279292.93,878891441.67,799865082.55,749840721.2,792028524.59,2483355.75,696429.5,721296.25,11046774.25,9588892,8337812.81,8537159.8,7384965.28,7413389.6,6591500.55,758,442,453,3277,2834,2594,2548,2351,2318,2047,0,0,1,1,1,1,0,1,0,0,5550,5080,5317,2691,0,5511.52,19173,4776,4729,14716148.43,2036623.03,1749414.62,1670,588,760,5162183.25,1395703.73,1331908.47,57955,61010,62826,69818,64751,63451,61221,54207,54149,53100,49466,41728606,43490146,42495004,43860352,38980831,35908642,35535858,33443560,34740684,35478294,34178288,28840,28145,27579,30633,29267,27503,26074,25705,24046,23648,22957,42881156,43026922,43583245,51220010,44732988,43994756,42537106,40182822,39425207,39016215,38044578,0.384360704177718,0.384360704177718,0.461453111206499,0.501098497189017,0.47731631143499,0.448799724996658,0.430739104336617,0.408385761419759,0.385987462466417,0.376119901125377,3403.98501829297,3403.98501829297,4061.8185759166,4210.43833561164,4096.15272915112,4204.6920278292,4216.03205172138,4233.3533721397,4289.97401463042,4289.61618878598,0.331253671300664,0.331253671300664,0.142525086456148,0.15105798227368,0.15895019450989,0.152187613391135,0.145223030219537,0.143789577228108,0.14537217510404,0.144922245747244,1900.94180391735,1900.94180391735,1998.9564723264,1487.56240668031,1147.38119039412,1423.50043920191,1448.29794010028,1665.008907575,1766.96079141905,1901.16005757467,"OH","Ohio","ohio"
"ObjectID","{""type"":""Buffer"",""data"":[92,165,20,125,64,157,101,0,20,62,205,84]}",,"OK",71498,27005,29111,105790,101370,95171,90667,86547,86384,85381,208452211.08,41084953.75,45637383.68,365427242.35,349299270.95,333436162.43,323588843.54,313371418.15,315210778.12,332511192.85,577638,172000,114774,1513257,1454750.3,1345514.3,1730522.45,1832058.65,1524789.5,1544752,218,120,92,475,460,442,553,619,520,513,0,0,0,1,2,3,3,2,0,0,0,5238.56,7967,16059.43,14893.33,13796.28,5806,717,943,4393020.77,351445.61,600964.5,762,162,115,2308789,279370.45,149990,15189,15040,14588,14133,14550,14587,14859,13638,14254,14781,12867,9375495,9399757,9009135,8711931,8268434,7921387,8141600,8119158,7983883,7884382,8064009,6941,6969,6362,6524,6296,6079,5803,5620,5592,5651,5409,10009640,10490630,10578378,12346716,11621071,11144949,10407242,10266069,10458388,10580329,10308507,0.425053560827031,0.425053560827031,0.493096190762541,0.503871694675521,0.504019696512913,0.492509862458684,0.470668822094967,0.460157251993531,0.443987810674047,0.429872708163027,3534.98512175867,3534.98512175867,4241.71744840525,4250.32429346275,4155.69379922241,4093.07138604752,4144.69577366399,4203.18038051382,4331.05031169322,4407.84243412116,0.306058181255001,0.306058181255001,0.229826306172954,0.224917891304869,0.219575922017888,0.242749760102356,0.240677315943776,0.23958623766241,0.226844474265425,0.230468293822259,2756.42354727165,2756.42354727165,2512.78756163832,2684.66169260286,2708.19244851259,2885.07532667179,2840.86327413479,3000.55743046666,3242.75967463643,3373.67785659995,"OK","Oklahoma","oklahoma"
"ObjectID","{""type"":""Buffer"",""data"":[92,165,20,125,64,157,101,0,20,62,205,85]}",,"OR",72998,47497,56755,127140,124427,115595,105440,91560,83303,79471,207781406.42,74489202.68,89191888.98,432340705.47,424662090.44,399644484.03,365525723.72,320532959.4,291288957.79,293294570.2,1367822.04,428908.14,330005,3814777.44,4130290.67,3356708.8,3910161.8,2664710,2249057.71,2468395,399,231,212,1235,1378,1194,1320,896,727,794,0,0,1,2,2,2,1,1,0,0,832,9049,8851,10764,5419,5511,3104,1296,1328,2470056.26,565745.28,456549,1021,587,681,2893810,997115,1063568.6,19828,19707,18441,18417,20928,19499,19030,17630,18315,22016,20073,14833998,14701034,13957930,14079647,13545966,12639604,13053025,12755781,13078930,13338385,13066648,11471,11281,10526,11404,11370,11410,11418,10957,10754,10436,9893,14980863,14956283,14476615,15951821,16415017,16429559,16819333,16622675,16277533,14947563,15063996,0.367465057570347,0.367465057570347,0.437461199633429,0.47007190516292,0.466726010325797,0.447045951859956,0.432151335870671,0.408912811176634,0.374830590513069,0.373357567495929,3302.10950067024,3302.10950067024,4064.43695093932,4302.94887342383,4198.59101312176,4179.82484907815,4232.13829787234,4296.86759581882,4296.67458677686,4196.29249492901,0.192260328797488,0.192260328797488,0.191503828302835,0.0711925892336594,0.152821790991633,0.161706783369803,0.176357538531107,0.183797047532354,0.188228460793804,0.289522511265099,2103.08214571657,2103.08214571657,2172.10635998765,1996.33712465878,1887.13746505126,1969.78845286423,1985.76452991453,1981.3044788975,2027.62435712816,2346.27805388438,"OR","Oregon","oregon"
"ObjectID","{""type"":""Buffer"",""data"":[92,165,20,125,64,157,101,0,20,62,205,86]}",,"PA",211060,68652,82027,298596,287433,277628,265549,244760,227322,221069,602486782.12,105994687.24,126197501.71,1007042261.69,983415957.96,971442870.62,952447017.6,891831226.43,837543794.54,872710189.52,545166,197500,118500,1213063,883856,882373.44,912006.35,754983.79,614610.9,619983.9,164,89,74,369,268,273,284,243,198,202,1,2,2,3,3,2,2,2,5550,8325,7770,12381.28,15939.44,7176,10832,11022,24419,3669,3300,19775057.85,1895556.74,1664457.23,2879,488,583,9728397.44,1017759,1040677,69903,71493,73789,80382,80496,83739,77486,71946,69003,61757,61785,67428111,66952080,63986313,67117971,62341963,56921662,53853832,50097039,52433528,52750625,51509315,48544,65808,47661,52173,51852,50647,51484,50335,49423,45867,44080,62924834,67267424,68527502,76706195,73454385,70832205,71066088,67346999,65238955,63222306,60745952,0.324396167858589,0.324396167858589,0.398069453524593,0.417551343690076,0.408270157498825,0.394373580290058,0.385277836335387,0.381445579440507,0.373035790440573,0.358604631824041,3444.89867310012,3444.89867310012,4092.67016069301,4050.45060649928,4024.47415297695,4023.09741673248,4159.65034653265,4218.62396702773,4295.9052874574,4300.59741675169,0.238328160841992,0.238328160841992,0.252868258790652,0.268237778951171,0.276188587212036,0.268155193764292,0.275041185518313,0.279240632332377,0.266558409605354,0.266974346181032,2857.67569709837,2857.67569709837,2884.17659434249,2526.99453481144,2903.13370747666,3028.58050259229,3183.32404121838,3000.40799524699,3244.25875330749,3326.19062451332,"PA","Pennsylvania","pennsylvania"
"ObjectID","{""type"":""Buffer"",""data"":[92,165,20,125,64,157,101,0,20,62,205,87]}",,"PR",221120,95610,85586,246679,227622,223518,220377,212296,202132,183319,761689428.45,160117283.06,158945185.6,998758992.18,911634899.33,909054447.86,915179761.71,893135793.49,861548188.12,815915260.06,626118,162726,162166.6,1108930.01,1215198.32,1240949.61,1177710.68,925703.59,701535.25,492538.12,217,146,153,408,463,479,482,374,277,210,0,0,0,0,0,0,0,0,0,0,0,0,0,0,0,0,17496,8192,8668,12855052.31,2510764.4,2713785.72,3208,2816,2966,9861498.45,4052372.46,4251067,54506,56208,59053,56529,53999,52337,47824,46528,53151,53834,51230,17203208,17637341,18107801,16415873,14903883,13584472,13038899,13442358,15092063,15540612,13662771,17224,16709,14887,15811,15863,15320,15098,16811,15374,15801,13909,16645409,17513729,17712312,18891123,19133855,18325984,18191987,19247940,18146124,18188247,15824940,0.859366997849022,0.859366997849022,0.869776636269191,0.893218566487008,0.909282700421941,0.891851944051157,0.889424223632114,0.895910596845176,0.887998603135186,0.887585806632377,3827.07949940405,3827.07949940405,4763.43866022993,4728.85001260852,4766.5015256015,4754.73861693591,4742.45164923572,4756.07866946315,4797.85416530117,4848.76649379932,0.427488623227638,0.427488623227638,0.424896109892647,0.464371329740166,0.443240275128605,0.472468999424331,0.438852581532541,0.413077518996522,0.275977805370169,0.186042788240239,351.250624679103,351.250624679103,361.970761028288,411.735820947233,387.887037882246,456.468370270359,437.44769738034,376.766330154423,241.010193321617,328.278829604131,"PR","Puerto Rico","puerto_rico"
"ObjectID","{""type"":""Buffer"",""data"":[92,165,20,125,64,157,101,0,20,62,205,88]}",,"PW",631,297,414,940,765,732,621,612,574,523,1950290,341054,571169,3265333,2684995,2631522,2346524,2224324,2215414,2090697,0,0,0,0,0,0,0,0,0,0,0,0,0,0,0,0,0,0,0,0,0,0,0,0,0,0,0,0,0,0,0,0,0,0,0,0,19,2,60,14200,656,28553,0,0,0,0,0,0,275,208,198,170,153,93,110,174,276,123,131,74786,71626,55450,46985,32500,49252,65500,66267,61266,48200,26000,237,255,184,210,225,228,160,160,180,177,159,105853,111916,113996,130579,132787,103151,83936,89559,98110,138427,112780,0.973684210526316,0.973684210526316,0.974358974358974,0.95959595959596,0.971428571428571,0.972972972972973,0.972222222222222,1,0.917241379310345,0.961832061068702,4180.33783783784,4180.33783783784,4640.67105263158,4946.27368421053,4534.6862745098,4575.13333333333,4623.43428571429,4967.32743362832,4853.58646616541,4901.06349206349,0.144736842105263,0.144736842105263,0.141025641025641,0.0909090909090909,0.161904761904762,0.0810810810810811,0.0777777777777778,0.106194690265487,0.393103448275862,0.0458015267175573,759.090909090909,759.090909090909,566.545454545455,1322.22222222222,1201.11764705882,753.333333333333,815.357142857143,861.416666666667,724.631578947368,1142.5,"PW",,
"ObjectID","{""type"":""Buffer"",""data"":[92,165,20,125,64,157,101,0,20,62,205,89]}",,"RI",23328,9641,6111,31539,30619,30789,31156,29833,28921,29159,67921440.21,17661180.6,10412449.14,107686573.61,104989331.19,108307239.09,110791586.73,106945760.08,104974733.78,112507199.12,4000,8000,1000,47000,12000,7000,33784,26560,29627,22620,1,2,1,14,3,2,9,7,8,6,0,0,0,0,0,0,0,0,0,0,0,0,0,0,0,0,2857,612,192,2349971.5,278430.5,102019.75,200,36,47,683065,74318,66325,11469,11541,10819,12630,14632,14093,13076,12423,13074,13053,13387,9952773,9687318,9298353,8489378,8322684,7706642,7179566,7196004,7252677,7012495,7045818,6661,6954,7279,8595,7688,7426,7346,7393,6859,6924,6822,9856356,10564507,11429313,13065953,11858056,11945387,11365967,11576854,11424258,10859199,10596601,0.325160197002595,0.325160197002595,0.387682333873582,0.379738751814224,0.352454319730057,0.348620869112672,0.353372626064178,0.355917890087047,0.347353249475891,0.332028492588077,3207.10195439739,3207.10195439739,4004.14269788183,4015.56382816083,4196.11000722543,4110.08882254152,4277.24444032617,4369.05475451725,4315.38174273859,4375.90452261307,0.166869671132765,0.166869671132765,0.216531604538088,0.211959361393324,0.195454256064175,0.211488420504814,0.202030124426981,0.19429647914772,0.10272536687631,0.10229095809536,1241.0983814662,1241.0983814662,836.256986027944,872.027115858669,886.203908794788,965.715472162412,1002.96790923825,726.504179204279,1175.05739795918,1356.58218318695,"RI","Rhode Island","rhode_island"
"ObjectID","{""type"":""Buffer"",""data"":[92,165,20,125,64,157,101,0,20,62,205,90]}",,"SC",85113,36670,37595,128792,123682,118011,112105,101831,95260,93539,248140650.41,56141992.22,59322490.43,453813999.27,436741360.88,423872158.92,407695440.14,374881834.13,352617000.98,370708736.78,485769,100500,119500,1752260,1943118.26,1776767.85,1762900.7,1946553.8,1519792,1438444.5,141,58,64,518,562,530,506,589,461,425,0,0,1,0,2,3,3,2,0,0,5550,0,7972,16088.43,15576.08,11023.04,8234,764,822,6523071.94,393912.43,528744.77,653,297,229,2100408,855478,404986.02,15877,15246,15759,15053,14490,14719,14510,14043,14940,15092,14072,13884285,12900658,13528131,13391691,12220778,11993502,12177639,11419353,11908561,12714284,11918456,8942,8731,8748,8610,8237,7974,7712,7297,7613,7425,7715,11894431,11846968,12527040,13560100,12475174,12229050,11966695,11511253,12034514,12601257,12344879,0.374746054070949,0.374746054070949,0.454355651547876,0.491890837255811,0.491974962858326,0.464981024200306,0.455148666649911,0.442240814475077,0.424541214640576,0.413821794160658,3478.6620795107,3478.6620795107,4452.85839539429,4465.81332738361,4444.2848019802,4406.14728641085,4501.54878789552,4516.09573195054,4524.15421816228,4531.84122342046,0.582825441475231,0.582825441475231,0.554523638108951,0.56927541887179,0.577632187827273,0.59271033564986,0.585844622615427,0.609495489138652,0.625291493460408,0.636806010791185,4035.07373642579,4035.07373642579,4115.0693729173,4246.6586839174,4376.72694691571,4538.50101866866,4559.8798747265,4786.1103117506,4851.03222668126,4869.93360256563,"SC","South Carolina","south_carolina"
"ObjectID","{""type"":""Buffer"",""data"":[92,165,20,125,64,157,101,0,20,62,205,91]}",,"SD",17768,5636,8866,30384,29835,29343,26026,22243,20538,19996,50303775.08,7688623.12,12269254.27,98650099.73,95803766.38,96581724.59,88550569.95,75174690.9,70274634.07,73541820.65,341928,27000,23000,960910,917317,709814.6,666626.9,585976.5,688023,708773,99,14,17,269,255,208,201,186,210,218,0,0,0,0,1,0,0,0,0,0,0,0,2658.72,0,0,0,1865,102,158,1482917,39876,54068,359,49,92,1160625,67182,142072,5571,5587,5265,5437,5442,5630,6136,8417,5284,4790,4492,3863160,3898597,3678745,3620297,3661933,3658209,4122503,4246502,4304091,4627967,4521542,3363,3232,3047,2987,2890,2871,2794,2740,2603,2421,2372,4400817,4386487,4417867,4662896,4474225,4362954,4194711,4253179,4181790,3978503,3908443,0.34464330101914,0.34464330101914,0.418760856977417,0.457313634825758,0.415905044510386,0.38,0.367342073897497,0.349759310869014,0.330432589229411,0.311113911290323,3247.44464478904,3247.44464478904,3852.68805309735,3805.43970406905,3889.85273972603,3928.87885393958,3960.0691109669,4016.4451285766,4059.82099236641,4086.88335358445,0.154486701466567,0.154486701466567,0.161436016213086,0.18055712191271,0.185756676557864,0.171242603550296,0.184386174016687,0.190397770458576,0.198637911464245,0.19921875,1091.36604987932,1091.36604987932,1190.25753228121,1229.92129918801,1362.37380191693,1419.73600552868,1349.74337427279,1248.58349966733,1790.65904761905,1927.62745098039,"SD","South Dakota","south_dakota"
"ObjectID","{""type"":""Buffer"",""data"":[92,165,20,125,64,157,101,0,20,62,205,92]}",,"TN",117266,41718,47968,176175,168996,161733,153340,143697,137987,136354,342720034.51,67498246.67,80249154.22,627692596.68,601737726.27,585531899.29,566785102.66,538851467.02,520803582.9,549629029.25,1414506,374315,329438,3091203.5,2449445.9,1986077.8,1899118.78,1839225.83,1499939.62,1499366.31,439,212,202,968,770,649,609,604,495,476,0,1,1,1,5,2,1,2,0,2775,5550,5080,21251.15,10706.42,5413.77,11022.52,9726,1163,937,7311441.82,603883.75,518873.5,911,73,244,2813086,136990,378771,27360,27666,26500,31310,29367,28342,23266,22095,22002,20953,21396,18438516,18560007,17484313,19366472,16549447,15742698,14993844,14076040,15333793,15165287,15912092,13667,13221,13023,13612,12979,13404,13898,12735,12666,12460,12311,16903933,17839738,19467079,22049367,20980647,21619834,21613699,19742623,19212323,19428927,19287704,0.443881998501277,0.443881998501277,0.541899830173446,0.57171702284451,0.564382623848643,0.552825471463814,0.542539633990926,0.525500957026949,0.513924285250915,0.50384061813499,3138.76413436693,3138.76413436693,3887.70168768784,4169.53963548246,4070.21591222363,4147.94360418102,4189.72720724107,4257.49255415162,4309.8476241998,4212.84781693529,0.475492819893254,0.475492819893254,0.474901862524012,0.510007369196758,0.545198531242221,0.555739523486266,0.581825287590695,0.585920693802192,0.63402993373801,0.649935610938565,3550.61549594751,3550.61549594751,3442.87788720835,3533.95147959773,3687.17236951,3808.46798748697,3775.58672351859,3706.73761961204,3575.17659382689,3547.96853073498,"TN","Tennessee","tennessee"
"ObjectID","{""type"":""Buffer"",""data"":[92,165,20,125,64,157,101,0,20,62,205,93]}",,"TX",443883,190743,208774,692642,651160,633139,626628,589239,584587,592900,1287609017.33,313153334.53,349039503.73,2411535531.13,2275151089.38,2253698336.66,2253305267.16,2142200497.8,2131367430.27,2357319747.25,2160656,1448812,1297730.06,8831427.04,8889120.12,7613385.17,7954798.68,7425246.2,7189897.05,6616457.31,641,741,834,2898,2979,2707,2796,2760,2614,2553,1,3,5,7,8,6,6,5,2775,16650,24232,35878.56,39880.36,27439.5,25630.87,26179.96,39666,4946,6757,27956219.12,2254214.95,3152721.02,3244,801,634,9895425.59,1824771.27,1057683.62,78066,80648,84161,87596,83956,80258,73860,72445,71990,67489,68255,60857299,59754489,58326901,57732775,53360893,49516142,48680585,47069606,48116885,50037956,50948168,32020,30548,30776,31888,29731,29572,28393,27886,28474,28043,27150,48695327,49753404,52916720,60163327,54875921,55242801,55794549,52332677,55750394,55880215,56008564,0.478104296939984,0.478104296939984,0.533540214817886,0.550012619227894,0.547241803013645,0.514575379217831,0.51585575860385,0.502246346730843,0.476689659587408,0.469763906702769,3553.39769122132,3553.39769122132,4294.16192839952,4515.18334040398,4345.97659218588,4311.60541434802,4402.63185586735,4474.84625766358,4562.03298080689,4525.2491994472,0.204283239879048,0.204283239879048,0.214220426871408,0.244536826716572,0.245847407458996,0.268764833350531,0.296507055285681,0.284679127103815,0.253668997967447,0.257528013976639,3363.64429594501,3363.64429594501,3604.17023269367,4028.12270213429,3516.24819910967,3584.25065269139,3617.33154765001,3757.22725510826,4295.61238696109,4364.19788485581,"TX","Texas","texas"
"ObjectID","{""type"":""Buffer"",""data"":[92,165,20,125,64,157,101,0,20,62,205,94]}",,"UT",62054,34036,40314,118975,119930,113910,115144,113273,115471,128271,174749179.09,62045531.5,75822734.92,414365347.24,423044115.31,407097162.64,413636963.28,411328641.91,417547003.32,514782910.24,30000,609277,648577,2292444,2256666,2141063.7,2133238.1,2011140.76,2353819.5,2384808.5,8,256,284,734,730,737,745,757,875,888,0,1,1,1,1,2,1,1,0,5550,5550,5080,5317,8073.15,5413,5529,1946,682,522,1532536.5,397535.5,251097.5,2580,1046,1172,7612882.09,2139629.5,2119597.75,12767,12651,15117,15442,16454,16030,17694,13781,19996,19576,19247,6710541,6222338,6044423,5779493,5987740,6078470,6519573,6065223,8446267,8522254,9061497,2526,2487,2671,2734,2473,2254,2404,2419,2258,2323,2216,5882782,5763079,6424298,7181471,6451891,5978962,6230877,6524624,6316290,6121109,5875874,0.276312840815717,0.276312840815717,0.352574463172477,0.366559269700631,0.371240668325631,0.353595201521469,0.361438561438561,0.35079111983319,0.298714728911213,0.301887459352467,3201.06515274398,3201.06515274398,4015.94976143699,4261.69694195202,4170.20281528296,4086.136326024,4177.82996130459,4295.31305361305,4315.18175074184,4323.81629785739,0.093560917307836,0.093560917307836,0.0967444008312168,0.106893542757417,0.0631354425879844,0.0765488991295443,0.0741658341658342,0.0907641359008954,0.125313931156744,0.117559734200481,2971.07584830339,2971.07584830339,3267.22229798841,3737.56452119309,2157.23198198198,2174.607740086,2380.83189655172,2900.15585585586,2618.20719127616,3071.09981960313,"UT","Utah","utah"
"ObjectID","{""type"":""Buffer"",""data"":[92,165,20,125,64,157,101,0,20,62,205,95]}",,"VA",120565,50201,67632,211437,208693,206815,204795,188828,177307,174618,344138453.79,79982192.91,113906229.72,715947367.27,709097303.8,718857817.38,723082189.22,674951101.41,633353118.12,680182832.49,401417,320500,310500,1882757.11,1769973.45,1833626.18,1865558.79,1875770.99,1806642.44,1839261.91,134,189,176,636,581,702,742,746,712,701,0,4,4,6,8,6,5,3,0,19425,22200,28520.25,42531.76,32177.48,24873.93,16552.32,7517,1522,1251,5959197.25,1047284.38,802789.75,996,441,530,3256742,1133920,1204585,32234,31085,31623,38214,39332,38199,37589,35501,41472,44909,41035,19936561,19467978,19265601,20613184,19767247,20038508,20858557,19238607,21724737,22538286,22256310,12755,12799,13138,14584,14826,14428,14172,14172,15152,14721,14743,17750441,17895171,19500978,22988364,23581849,24006043,23413020,22972954,24635973,25551187,26096824,0.308128569708805,0.308128569708805,0.381779023301676,0.375389475195635,0.377691626373945,0.365272757025334,0.369040991532128,0.366454182082943,0.343894172626424,0.346091290269633,3365.41778086473,3365.41778086473,4168.41035138993,4316.89313035496,4181.60226049516,4214.91109391545,4287.75514092894,4372.92287730111,4390.33334780532,4372.02336811244,0.241449418814623,0.241449418814623,0.237557735222378,0.252494795031948,0.264015333013896,0.287350679103256,0.284230419877524,0.29590335666206,0.286441614285501,0.302147216377934,2884.1780510775,2884.1780510775,2896.7983069361,3222.60955359682,3166.77649452786,3248.95780699938,3345.47662491624,3351.03660741187,3347.43184779776,3314.71983801669,"VA","Virginia","virginia"
"ObjectID","{""type"":""Buffer"",""data"":[92,165,20,125,64,157,101,0,20,62,205,96]}",,"VI",1124,363,283,1500,1350,1228,1280,1227,1173,1028,3637937,493377,420008,5770786,5322626,4972741,5315356,5365924,4976937.36,4441778.03,0,0,0,0,0,0,0,0,0,0,0,0,0,0,0,0,0,0,0,0,0,0,0,0,0,0,0,0,0,0,0,0,0,0,0,0,163,70,7,114012,34224,3282,17,4,0,58369,8000,0,48,46,65,50,67,55,56,47,55,46,58,61546,62099,85668,64915,69326,69843,67683,53289,63313,60959,69156,46,40,46,60,36,44,36,42,37,39,31,85594,85594,77367,91871,85336,85669,82054,78649,82398,78953,85240,0.662551440329218,0.662551440329218,0.670644391408115,0.702576112412178,0.705,0.715099715099715,0.627906976744186,0.664788732394366,0.693370165745856,0.66031746031746,3526.35093167702,3526.35093167702,4557.25978647687,4484.12666666667,4326.19503546099,4577.05577689243,4576.55026455026,4734.45338983051,4991.62151394422,4961.15384615385,0.037037037037037,0.037037037037037,0.0238663484486874,0.0281030444964871,0.045,0.0427350427350427,0.0431893687707641,0.028169014084507,0.0248618784530387,0.0349206349206349,8238.22222222222,8238.22222222222,6480.8,8764.58333333333,8700.27777777778,6960,14109.7692307692,13312.4,11437,14163.8181818182,"VI",,
"ObjectID","{""type"":""Buffer"",""data"":[92,165,20,125,64,157,101,0,20,62,205,97]}",,"VT",8821,872,1460,12761,12666,12442,11822,10907,10734,10831,25315289.68,1366615.32,2238947.4,43602773.97,43954322.41,43745681.65,41999265.52,39200856.72,38122455.76,40832977.14,0,0,0,0,0,0,0,0,0,0,0,0,0,0,0,0,0,0,0,0,0,0,0,0,0,0,0,0,0,0,0,0,0,0,0,0,1316,32,35,1074858.47,18536,18373,191,8,44,597257,20000,125000,5149,5340,5296,5729,6204,5678,5189,5099,5427,5694,5722,6709155,7035785,6847295,7242644,7792451,7397086,7162062,7148055,7218475,7197958,7207132,5765,5565,5959,7006,5776,5452,5413,5495,5305,4996,5008,6741704,6754119,7373996,8770327,7294428,6885581,6656407,6840131,6487615,6464659,6365258,0.205669083717864,0.205669083717864,0.265794924909373,0.295953002610966,0.285905322278684,0.284440842787682,0.263417982155113,0.282218360845641,0.255475547554755,0.256879432624114,3224.03846153846,3224.03846153846,3882.99464198734,3909.2487869431,3954.35734331151,4004.90170940171,4042.43303804065,4574.07029245767,4342.45801526718,4249.87134180011,0.20435069215557,0.20435069215557,0.216338684619368,0.219973890339426,0.220246055094945,0.200567260940032,0.18627316403569,0.196495800752968,0.17956795679568,0.189929078014184,2416.69225806452,2416.69225806452,2249.65469778576,1832.56201780415,1928.44019429265,1946.15757575758,2023.15770081061,2065.38246131172,2228.00167084378,2132.08513816281,"VT","Vermont","vermont"
"ObjectID","{""type"":""Buffer"",""data"":[92,165,20,125,64,157,101,0,20,62,205,98]}",,"WA",92476,49333,58203,142815,141004,138742,130558,121124,110891,109955,263125019.64,76806622.92,90375526.21,491190765.93,490131400.4,490131851.05,468567920.86,438764261.09,402356782.4,428988340.22,495246,466215,471036,2054245,1784072,1538450.47,1557371,1275245,1148392,1110964,144,281,266,590,519,461,462,386,369,336,0,0,0,0,1,1,1,1,0,0,0,0,5317.44,5353.42,5419.58,5529.28,5206,1433,1618,4066675.5,551252.65,672411.47,1510,559,852,4455667,902190,1414328,25882,26473,24209,26805,27667,32408,31627,32002,34422,34432,32312,18000319,17970746,18182221,18484864,17879596,18206543,17989697,17810556,18809672,19469212,19612805,9916,8988,9049,9546,9291,8728,8767,8348,8380,8654,8020,17325867,16557449,16815324,18817241,18177866,18150906,18585673,18259397,18474215,19206457,18951362,0.300397710292191,0.300397710292191,0.378001080497029,0.384199672900519,0.384839369510288,0.379591440632733,0.376715570279224,0.368541522615102,0.332105083589219,0.320459149223498,3383.61360679574,3383.61360679574,4239.75343013949,4147.3473378987,4151.39225862931,4117.78288380417,4204.07261306533,4250.54072588471,4227.64324361345,4211.39654445849,0.23400537943401,0.23400537943401,0.208687196110211,0.233591694517528,0.227241005895801,0.239240137803872,0.233885470894463,0.238287117617606,0.236392585010804,0.235381498987171,3179.67491895078,3179.67491895078,3515.17034275655,3564.15322171487,4332.46553002224,5433.60642936822,5681.30685957102,5897.21853111867,5890.35504666603,5310.87598011092,"WA","Washington","washington"
"ObjectID","{""type"":""Buffer"",""data"":[92,165,20,125,64,157,101,0,20,62,205,99]}",,"WI",79079,22715,25953,131408,129709,124459,118880,107183,99429,98227,224361012.69,34815038.82,38924629.6,437422746.88,436674133.14,426820903.77,410399160.2,373377664.29,347494481.75,362557442.47,33000,50000,89500,446500,458564,442451.08,416818.83,377730.5,420572,529201.75,9,22,41,140,140,154,153,137,156,186,1,0,0,0,0,0,0,1,1387,0,0,0,0,0,0,5511,8672,2317,1677,6950358.46,1436093.75,872026,1016,257,276,3210510,495122,480172,27767,28434,28563,32625,30125,33680,34535,34680,36091,35664,34859,22186649,21339442,21891600,21955342,20814548,20906706,21702857,21338982,22531405,23140832,22612229,17188,16475,16746,17620,17437,17561,17999,16920,15856,15258,14627,22307192,21509719,22678941,25251791,24665017,24923572,25339845,23894648,22300480,21591452,20968917,0.250825467117275,0.250825467117275,0.334920216769532,0.368837108443235,0.356820083682008,0.343799961629469,0.338963523325073,0.315722440810571,0.297688595377191,0.296729135141427,3424.60205978008,3424.60205978008,4183.59677509972,4008.27413148049,3974.59996482176,3958.85379464286,4091.38780221894,4115.17994525285,4125.63830282346,4128.1056802134,0.214485491201492,0.214485491201492,0.234080987505645,0.262522916789875,0.268640167364017,0.279209567052504,0.277574888048346,0.275262116491164,0.281409471909853,0.286741939238738,2132.41320293399,2132.41320293399,1985.42467845659,1969.51498085154,1908.90312280975,1879.78164605283,1924.37802490406,1968.20399900851,1935.84114220071,2156.3262157993,"WI","Wisconsin","wisconsin"
"ObjectID","{""type"":""Buffer"",""data"":[92,165,20,125,64,157,101,0,20,62,205,100]}",,"WV",40975,14176,19028,74894,71388,70811,64187,58681,53679,51135,125569986.27,24783035.43,34194635.23,247300203.79,237134409.54,233173558.42,219541132.26,206680240.89,193218708.35,198016497.73,81000,35250,96083,776269,866871,781676.2,715697.2,564270.2,588548,512137,27,19,57,253,274,246,229,198,217,175,0,0,1,0,0,0,0,0,0,0,4163,0,0,0,0,0,2296,145,86,1771037.64,100457.5,47134,441,8,33,1434078,18000,61980,8139,9017,8712,8957,8919,8833,7676,7224,7669,7497,7568,6789631,6939924,7660171,6590142,6851055,6881140,6340262,5762098,5879273,5959795,5702710,5320,5058,4893,5024,5559,4697,4626,5167,4555,4251,4009,5730768,6137909,6448649,6662892,6418732,6212871,5668380,6291147,6029357,5866587,5870676,0.391368811225841,0.391368811225841,0.483228357990332,0.525117279124316,0.504284807448159,0.487712863505371,0.486958431717094,0.487315948199397,0.474268415741675,0.482134489222118,3410.31606007306,3410.31606007306,4243.95342022835,4311.75237297599,4185.1267177174,4165.53846153846,4324.75665313487,4211.04841645431,4374.32177722153,4396.80549143482,0.365898861530315,0.365898861530315,0.338411210390118,0.415803362001564,0.391663140076174,0.375006549646319,0.41189391027401,0.404647862338123,0.405947646465246,0.425257731958763,3360.79623733719,3360.79623733719,3860.26345404703,3215.52285815019,3573.99162614803,3687.56308509152,3718.99440074657,3861.95718252229,3945.95335575377,3979.37107438017,"WV","West Virginia","west_virginia"
"ObjectID","{""type"":""Buffer"",""data"":[92,165,20,125,64,157,101,0,20,62,205,101]}",,"WY",8099,3381,4662,13419,12856,10594,8847,7858,7836,7705,23442715.25,6236626.69,7813274.22,46625942.73,44029894.49,36743008.19,31380052.52,27859346.37,28049482.53,29520145.34,0,2000,1500,27500,17910,16184.4,5946.6,12988,9312,9498,0,1,1,9,8,5,2,4,5,5,0,0,0,0,0,0,0,0,0,0,0,0,0,0,0,0,503,23,25,384905.69,11539.25,9418.5,45,8,8,138737,11000,17722,1650,2129,2225,2652,2535,3437,2842,2207,1657,1245,1187,1707463,1902854,1870238,1727861,1346090,1513720,1553183,1339264,1199546,1308066,915289,909,754,775,869,809,817,735,721,621,641,633,1178831,1173579,1166524,1341889,1430234,1374553,1203212,1088518,1066533,1131788,1118581,0.242174629324547,0.242174629324547,0.370443674748474,0.41534208707671,0.387686567164179,0.382516603841321,0.357698289269051,0.317904135338346,0.304910127137221,0.313095501883448,3200.92176870748,3200.92176870748,4363.79741763134,4033.26081530782,3919.32338787295,3879.29985922102,3967.70163043478,4082.10273466371,4204.60531991373,4250.80962491154,0.40840197693575,0.40840197693575,0.419924129968662,0.360746371803732,0.41455223880597,0.445341949380722,0.353810264385692,0.423167293233083,0.427663305567733,0.434079326390428,3691.18596208148,3691.18596208148,3648.79261586803,3525.44300766284,3775.1804680468,3691.13663845224,2856.15659340659,3218.45696835092,3238.52229625833,3142.3797856049,"WY","Wyoming","wyoming"
"ObjectID","{""type"":""Buffer"",""data"":[92,165,20,125,64,157,101,0,20,62,205,102]}",,"US",6321906,2841029,6426832,9711984,9202371,8889644,8529797,7837998,7362291,7280873,18280964703.17,4665777674.15,10870618653.98,33498676793.58,32046972823.56,31467887990.4,30622041625.9,28551639760.58,26887604067.69,28674394880.16,37329985.81,15921431.9,31854418.48,120037506.29,109809099.49,96513420.65,94337133.4,89411021.31,86664739.33,86454405.34,11820,9289,19996,38445,35784,32937,32027,30810,30135,29812,18,38,49,63,71,77,79,66,59200,176622.46,227394,301930.36,331362.78,371916.69,372476.57,332372.36,441792,93386,201020,339482727.16,44814600.57,93672120.26,64443,27419,63506,199817772.48,50922898.78,115397751.84,1417323,1450273,1450766,1593256,1633287,1645758,1631076,1543519,1619427,1530180,1483530,1080687189,1068050425,1039280673,1066427115,1012526458,967417915,977681026,924800532,982691728,992874878,987045196,695083,697695,677881,733134,718481,704199,691845,672093,651375,634931,616922,1042420677,1063088338,1113188506,1246063256,1198241772,1175904738,1161053822,1121832390,1100269286,1096080441,1085552600,0.38052265524091,0.38052265524091,0.456930484412422,0.488168200510788,0.491813994309375,0.473508232123434,0.475012383434195,0.467898224069204,0.450805009594961,0.445471129655875,3505.03920626531,3505.03920626531,4279.96468571867,4332.2380695102,4228.5653425983,4241.46459626288,4339.45890847265,4398.26310703742,4455.63889361599,4481.96099237166,0.301566918935274,0.301566918935274,0.281313915183611,0.294077515093432,0.293722957008478,0.297748012070846,0.304935426672123,0.311246716388333,0.301509015772967,0.296600173241874,2614.61544761934,2614.61544761934,2677.17706962359,2739.04911990627,2803.3344114083,2947.98579119862,3002.61296883975,3115.17970770567,3302.37692141652,3403.57163448695,"US",,