,STATE,YEAR,TOTAL_EXPENDITURE,INSTRUCTION_EXPENDITURE,4TH_ENROLLED,8TH_ENROLLED,TOTAL_ENROLLMENT,4_AVG_MATH_SCORE,8_AVG_MATH_SCORE,4_AVG_RDG_SCORE,8_AVG_RDG_SCORE
0,ALABAMA,2001,5086045.0,2656393.0,58929.0,56591.0,683042.0,,,,
1,ALABAMA,2002,5147821.0,2720735.0,58690.0,57576.0,683867.0,,,,
2,ALABAMA,2003,5298932.0,2817111.0,57323.0,59663.0,674679.0,223.3446426,261.9390222,207.0838476,261.8708721
3,ALABAMA,2004,5450269.0,2875595.0,56182.0,59286.0,673176.0,,,,
4,ALABAMA,2005,5904664.0,3053380.0,55919.0,59643.0,681201.0,225.0712362,262.2111,207.752033,273.04575719999997
5,ALABAMA,2006,6591429.0,3326656.0,56720.0,59573.0,685423.0,,,,
6,ALABAMA,2007,7196459.0,3653466.0,57795.0,58792.0,686947.0,228.52001800000002,266.0001099,216.3889539,265.6419817
7,ALABAMA,2008,7847387.0,3947003.0,58593.0,57809.0,689463.0,,,,
8,ALABAMA,2009,7815467.0,3836398.0,59512.0,57027.0,691870.0,227.96265040000003,268.52412030000005,216.27335589999998,267.5774737
9,ALABAMA,2010,7647571.0,3900492.0,59117.0,57992.0,697887.0,,,,
10,ALABAMA,2011,7411768.0,3844055.0,56491.0,57919.0,687019.0,231.28601899999998,269.0965158,220.2734133,257.3835093
11,ALABAMA,2012,7222161.0,3695221.0,55859.0,58151.0,685209.0,,,,
12,ALABAMA,2013,7487741.0,3747993.0,55719.0,58799.0,686447.0,232.86133250000003,269.1942806,218.5759534,269.5337264
13,ALABAMA,2014,7587737.0,3824295.0,55479.0,57471.0,686225.0,,,,
14,ALABAMA,2015,7501799.0,3817479.0,55808.0,55792.0,688176.0,230.9774227,266.5553185,217.04908980000002,269.02002819999996
15,ALABAMA,2016,7708845.0,3865453.0,,,,,,,
16,ALASKA,2001,1402839.0,701053.0,10718.0,10702.0,124254.0,,,,
17,ALASKA,2002,1523327.0,747223.0,10084.0,10840.0,124295.0,,,,
18,ALASKA,2003,1610289.0,763525.0,10115.0,11140.0,124458.0,232.9916543,279.02506989999995,211.54715359999997,268.77242060000003
19,ALASKA,2004,1647250.0,775069.0,9674.0,10857.0,123100.0,,,,
20,ALASKA,2005,1751718.0,829666.0,9495.0,10793.0,123354.0,235.51070550000003,278.9587094,211.06131859999996,266.8787375
21,ALASKA,2006,1817656.0,871434.0,9589.0,10155.0,122813.0,,,,
22,ALASKA,2007,1938755.0,927307.0,9420.0,9953.0,121404.0,237.2738932,282.55715410000005,214.4769544,266.91761710000003
23,ALASKA,2008,2274819.0,1113396.0,9756.0,9673.0,120918.0,,,,
24,ALASKA,2009,2396412.0,1129756.0,10046.0,9626.0,121857.0,237.21228430000002,283.0476628,211.12736830000003,256.1068616
25,ALASKA,2010,2371251.0,1151630.0,9917.0,9622.0,121984.0,,,,
26,ALASKA,2011,2443898.0,1215062.0,9667.0,9527.0,120714.0,236.359658,283.2727979,207.9236959,267.54299419999995
27,ALASKA,2012,2483320.0,1255757.0,9756.0,9806.0,120920.0,,,,
28,ALASKA,2013,2665933.0,1324649.0,9722.0,9677.0,120312.0,236.1220044,281.5595728,209.3472882,268.8033631
29,ALASKA,2014,2727056.0,1346457.0,9812.0,9653.0,120617.0,,,,
30,ALASKA,2015,2968341.0,1484610.0,10118.0,9400.0,122068.0,236.328417,280.49345619999997,212.79260019999998,258.7537615
31,ALASKA,2016,2623014.0,1251738.0,,,,,,,
32,ARIZONA,2001,5858385.0,2538936.0,74270.0,69643.0,841750.0,,,,
33,ARIZONA,2002,6018188.0,2659448.0,71139.0,69841.0,861334.0,,,,
34,ARIZONA,2003,6210287.0,2810907.0,76207.0,76376.0,930090.0,228.91139610000002,271.1773505,208.8728014,267.8089667
35,ARIZONA,2004,6731212.0,3224647.0,77110.0,78595.0,957964.0,,,,
36,ARIZONA,2005,7136794.0,3423716.0,80458.0,80683.0,1010731.0,229.8006731,274.30509,207.1427366,264.9477781
37,ARIZONA,2006,7934177.0,3733989.0,81388.0,80769.0,982648.0,,,,
38,ARIZONA,2007,8709531.0,3977800.0,82876.0,81196.0,1000520.0,231.9369335,275.5484264,209.5206243,254.7997475
39,ARIZONA,2008,9581201.0,4251747.0,83793.0,81576.0,1000335.0,,,,
40,ARIZONA,2009,9580393.0,4296503.0,83686.0,82163.0,993469.0,229.99110519999996,277.33228199999996,209.98926949999998,267.1670297
41,ARIZONA,2010,8812967.0,4223152.0,82862.0,80636.0,988741.0,,,,
42,ARIZONA,2011,8610417.0,3977772.0,82566.0,81294.0,995665.0,235.157597,279.0335017,212.39504989999998,270.9661722
43,ARIZONA,2012,8054662.0,3917564.0,83892.0,82769.0,1002920.0,,,,
44,ARIZONA,2013,7600581.0,3824071.0,84282.0,83849.0,1015927.0,240.30491150000003,279.72226800000004,213.1341315,257.4278382
45,ARIZONA,2014,8109460.0,3902565.0,85535.0,84596.0,1028214.0,,,,
46,ARIZONA,2015,7902600.0,3846357.0,86594.0,84084.0,1029470.0,237.6117554,282.9194894,215.3113365,260.3170188
47,ARIZONA,2016,7987011.0,3872250.0,,,,,,,
48,ARKANSAS,2001,2951677.0,1616883.0,35216.0,35372.0,413278.0,,,,
49,ARKANSAS,2002,3087453.0,1697645.0,33835.0,36102.0,414225.0,,,,
50,ARKANSAS,2003,3242799.0,1768713.0,34070.0,37004.0,417119.0,229.0065887,265.7715893,213.61530449999998,264.6565519
51,ARKANSAS,2004,3539569.0,1863515.0,33884.0,37369.0,425185.0,,,,
52,ARKANSAS,2005,3999608.0,2118580.0,34951.0,37279.0,435390.0,235.545467,271.6363484,217.07152889999998,254.99855240000002
53,ARKANSAS,2006,4343877.0,2265821.0,35581.0,36026.0,437791.0,,,,
54,ARKANSAS,2007,4779308.0,2337748.0,35710.0,35944.0,440234.0,237.6706874,273.8998622,217.02781769999996,265.8126157
55,ARKANSAS,2008,4720720.0,2388502.0,36345.0,35387.0,440403.0,,,,
56,ARKANSAS,2009,5017352.0,2417974.0,36479.0,35715.0,441973.0,237.5405919,275.9995,216.15158140000003,269.5687297
57,ARKANSAS,2010,5520387.0,2521528.0,36873.0,36237.0,443895.0,,,,
58,ARKANSAS,2011,5669431.0,2559292.0,36662.0,36339.0,445351.0,237.81015699999998,279.08820499999996,216.51486400000002,258.4210904
59,ARKANSAS,2012,5299969.0,2548056.0,36140.0,36607.0,445359.0,,,,
60,ARKANSAS,2013,5226339.0,2545564.0,36321.0,36660.0,449790.0,239.8905221,277.9148025,218.52388530000002,261.2560926
61,ARKANSAS,2014,5242672.0,2609867.0,35922.0,36788.0,452109.0,,,,
62,ARKANSAS,2015,5350543.0,2620399.0,35893.0,36882.0,454375.0,235.21546969999997,275.06475639999996,218.07749619999998,262.7693918
63,ARKANSAS,2016,5434193.0,2658253.0,,,,,,,
64,CALIFORNIA,2001,52082540.0,26641811.0,485301.0,461133.0,5717489.0,,,,
65,CALIFORNIA,2002,56464225.0,28593157.0,491510.0,473553.0,5833345.0,,,,
66,CALIFORNIA,2003,59749885.0,29561563.0,493415.0,500143.0,5899326.0,227.45498179999998,267.0495006,205.6324371,255.0733796
67,CALIFORNIA,2004,62647953.0,29624968.0,488045.0,498806.0,5932350.0,,,,
68,CALIFORNIA,2005,66196072.0,31070450.0,477828.0,489560.0,5926631.0,230.3669575,268.55812860000003,206.5120265,264.1845096
69,CALIFORNIA,2006,68722432.0,32387671.0,470542.0,491871.0,5944746.0,,,,
70,CALIFORNIA,2007,73225422.0,34685013.0,467305.0,490054.0,5881552.0,230.0340912,270.381784,208.522186,268.1594281
71,CALIFORNIA,2008,76618865.0,36542347.0,463904.0,486390.0,5854465.0,,,,
72,CALIFORNIA,2009,74766086.0,35617964.0,465866.0,472856.0,5786013.0,231.67492719999998,270.4485881,209.7624054,254.8952466
73,CALIFORNIA,2010,71227111.0,34657275.0,463691.0,476639.0,5815902.0,,,,
74,CALIFORNIA,2011,69847705.0,34225248.0,462082.0,467626.0,5793407.0,234.1649932,272.76980310000005,211.358636,261.285252
75,CALIFORNIA,2012,70191877.0,34213049.0,468007.0,465967.0,5803338.0,,,,
76,CALIFORNIA,2013,69727119.0,34194878.0,470515.0,472381.0,5799332.0,233.65446459999998,275.90135069999997,212.5459679,260.4482872
77,CALIFORNIA,2014,72506810.0,35539425.0,475192.0,467038.0,5794141.0,,,,
78,CALIFORNIA,2015,78365958.0,38951948.0,485885.0,465322.0,,231.54934500000002,275.324573,212.67794849999999,258.76826800000003
79,CALIFORNIA,2016,85320133.0,42587272.0,,,,,,,
80,COLORADO,2001,5727966.0,2709184.0,58028.0,56540.0,689066.0,,,,
81,COLORADO,2002,6237142.0,2963406.0,57318.0,57664.0,697990.0,,,,
82,COLORADO,2003,6685029.0,3168745.0,56437.0,58897.0,701780.0,235.1931161,283.3998585,223.660982,266.2285608
83,COLORADO,2004,6869975.0,3232723.0,56425.0,59397.0,709008.0,,,,
84,COLORADO,2005,7284280.0,3380399.0,57151.0,59929.0,720428.0,239.2158745,280.8240073,223.65613,266.2255436
85,COLORADO,2006,7803324.0,3562901.0,57877.0,59497.0,733104.0,,,,
86,COLORADO,2007,8039146.0,3782300.0,59449.0,58396.0,740291.0,240.20589019999997,286.1927562,223.7326529,251.93688140000003
87,COLORADO,2008,8884786.0,4221868.0,61058.0,58733.0,754458.0,,,,
88,COLORADO,2009,8682489.0,4108304.0,62929.0,59129.0,768178.0,243.13244,287.3729075,225.6966406,259.4494265
89,COLORADO,2010,8914338.0,4232076.0,63819.0,59684.0,778134.0,,,,
90,COLORADO,2011,8676451.0,4204486.0,64560.0,61156.0,787904.0,244.4560971,291.7426729,223.4338436,260.14800519999994
91,COLORADO,2012,8472536.0,4174705.0,65921.0,62260.0,796610.0,,,,
92,COLORADO,2013,8699125.0,4292898.0,66140.0,63820.0,809774.0,246.975708,289.68180010000003,226.6632196,261.9644908
93,COLORADO,2014,9286626.0,4470568.0,66809.0,65116.0,822938.0,,,,
94,COLORADO,2015,9557682.0,4578938.0,68176.0,65957.0,834481.0,241.5635756,285.5391887,224.02322489999997,258.9868426
95,COLORADO,2016,9878524.0,4786838.0,,,,,,,
96,CONNECTICUT,2001,5987680.0,3360042.0,44990.0,43954.0,528322.0,,,,
97,CONNECTICUT,2002,6475918.0,3570517.0,44021.0,44422.0,528799.0,,,,
98,CONNECTICUT,2003,6751815.0,3721466.0,43494.0,45854.0,534893.0,240.61524159999996,283.7298112,228.34061499999999,268.1242349
99,CONNECTICUT,2004,7087023.0,3896977.0,42652.0,45072.0,535504.0,,,,
100,CONNECTICUT,2005,7452057.0,4177845.0,42876.0,44680.0,533853.0,242.1207324,281.06895299999996,225.75301969999998,251.9783912
101,CONNECTICUT,2006,7982143.0,4406855.0,42107.0,44609.0,534266.0,,,,
102,CONNECTICUT,2007,8685421.0,4610572.0,42488.0,43670.0,530737.0,242.75564680000002,282.4727901,227.2036492,258.79845589999996
103,CONNECTICUT,2008,9046750.0,4878853.0,41792.0,43027.0,526514.0,,,,
104,CONNECTICUT,2009,9323053.0,5054397.0,41510.0,42999.0,524102.0,244.71774269999997,288.60851349999996,228.9721167,257.5952755
105,CONNECTICUT,2010,9542108.0,5242817.0,41155.0,42346.0,520876.0,,,,
106,CONNECTICUT,2011,9439182.0,5363942.0,40138.0,42511.0,515597.0,242.4134069,286.99994469999996,227.4273043,259.1409378
107,CONNECTICUT,2012,9791336.0,5485615.0,40895.0,42020.0,511544.0,,,,
108,CONNECTICUT,2013,9758850.0,5562212.0,39810.0,41460.0,507926.0,243.4402974,285.2439723,229.5815994,261.5024557
109,CONNECTICUT,2014,10201500.0,5889381.0,39699.0,41165.0,505024.0,,,,
110,CONNECTICUT,2015,10542667.0,6006275.0,39077.0,40320.0,501292.0,240.15946890000004,283.9566773,228.9475434,268.0732253
111,CONNECTICUT,2016,10826431.0,6110631.0,,,,,,,
112,DELAWARE,2001,1175717.0,613955.0,9065.0,9396.0,107902.0,,,,
113,DELAWARE,2002,1246284.0,645895.0,9007.0,9961.0,108581.0,,,,
114,DELAWARE,2003,1317447.0,673997.0,9097.0,10222.0,109764.0,235.85942450000002,277.15836889999997,223.9288114,253.1725937
115,DELAWARE,2004,1373416.0,709545.0,8872.0,10494.0,110812.0,,,,
116,DELAWARE,2005,1480157.0,761786.0,8896.0,10492.0,112426.0,239.71691239999998,280.95354280000004,225.8384591,258.7212747
117,DELAWARE,2006,1646885.0,817872.0,8982.0,10262.0,113650.0,,,,
118,DELAWARE,2007,1705204.0,825084.0,9085.0,10176.0,113757.0,241.7948949,282.9920827,225.0705423,254.8287924
119,DELAWARE,2008,1746925.0,852701.0,9521.0,9908.0,115972.0,,,,
120,DELAWARE,2009,1798244.0,877678.0,9672.0,9519.0,117264.0,239.49056940000003,283.829473,225.51308680000002,258.04858019999995
121,DELAWARE,2010,1758988.0,901200.0,9797.0,9504.0,119593.0,,,,
122,DELAWARE,2011,1808905.0,964284.0,9691.0,9569.0,118830.0,240.35983240000002,282.7699664,225.1305111,254.93521830000003
123,DELAWARE,2012,1915966.0,1053066.0,10089.0,9716.0,118898.0,,,,
124,DELAWARE,2013,1924626.0,1030897.0,10069.0,9993.0,121199.0,243.1077582,282.33829860000003,225.7716512,271.0090869
125,DELAWARE,2014,1988535.0,1050647.0,10278.0,10035.0,123837.0,,,,
126,DELAWARE,2015,1975093.0,1072395.0,10533.0,10090.0,124807.0,238.67801880000002,279.8102438,223.69869680000002,273.04803039999996
127,DELAWARE,2016,2041952.0,1126775.0,,,,,,,
128,FLORIDA,2001,18389394.0,8412975.0,196952.0,194250.0,2323253.0,,,,
129,FLORIDA,2002,19051049.0,8781232.0,197625.0,201159.0,2356659.0,,,,
130,FLORIDA,2003,20180142.0,9622598.0,178109.0,205443.0,2395642.0,233.72881150000003,271.3714902,218.0144882,255.32011519999998
131,FLORIDA,2004,21896220.0,10411050.0,197293.0,209559.0,2442173.0,,,,
132,FLORIDA,2005,23857012.0,11270907.0,195265.0,208413.0,2471699.0,238.93064959999998,274.0483769,219.4652222,257.69173190000004
133,FLORIDA,2006,26609155.0,12211602.0,199686.0,207213.0,2469450.0,,,,
134,FLORIDA,2007,29849892.0,13476109.0,195859.0,193970.0,2469344.0,242.02025,277.38349730000004,223.53492680000002,251.2877915
135,FLORIDA,2008,31219589.0,14392625.0,198129.0,200736.0,2437592.0,,,,
136,FLORIDA,2009,28867429.0,13884278.0,199322.0,198245.0,2438465.0,241.9449094,279.3352641,225.67340730000004,265.5131199
137,FLORIDA,2010,27267009.0,13869921.0,200682.0,201676.0,2446250.0,,,,
138,FLORIDA,2011,26991946.0,14284224.0,195625.0,200378.0,2464854.0,239.826451,277.8370352,224.52858540000003,274.6813995
139,FLORIDA,2012,25352047.0,13558844.0,195358.0,204116.0,2481673.0,,,,
140,FLORIDA,2013,25245400.0,13833236.0,198411.0,206698.0,2511426.0,241.67580959999998,280.8558396,227.4631766,265.9849815
141,FLORIDA,2014,26523658.0,14542370.0,202424.0,210397.0,2552392.0,,,,
142,FLORIDA,2015,27277049.0,14931173.0,215435.0,206785.0,2592720.0,242.66432090000004,275.323818,227.188969,247.6534449
143,FLORIDA,2016,27945116.0,15212112.0,,,,,,,
144,GEORGIA,2001,11853800.0,6336556.0,116886.0,112145.0,1359461.0,,,,
145,GEORGIA,2002,12690343.0,6894589.0,118053.0,116150.0,1381240.0,,,,
146,GEORGIA,2003,13516783.0,7352918.0,117201.0,120694.0,1403762.0,230.2549768,269.6770092,213.5972193,257.998089
147,GEORGIA,2004,13779680.0,7492703.0,116129.0,122432.0,1430942.0,,,,
148,GEORGIA,2005,14492666.0,7886069.0,119028.0,123678.0,1470064.0,233.63573780000002,272.1915644,214.4309205,250.43105640000002
149,GEORGIA,2006,15839227.0,8583817.0,121155.0,126903.0,1498704.0,,,,
150,GEORGIA,2007,17389530.0,9507096.0,125404.0,124544.0,1519798.0,235.2090171,274.7786646,218.8881713,266.4078816
151,GEORGIA,2008,19172087.0,10289480.0,127285.0,123857.0,1526456.0,,,,
152,GEORGIA,2009,19025136.0,10063924.0,130091.0,124084.0,1536360.0,236.02957290000003,277.5611997,217.8481057,271.8101332
153,GEORGIA,2010,17834488.0,9841382.0,131326.0,123794.0,1545059.0,,,,
154,GEORGIA,2011,17187481.0,9671343.0,128827.0,126785.0,1551644.0,238.3665421,278.48361919999996,220.8107201,265.8394755
155,GEORGIA,2012,17400209.0,9611118.0,128538.0,128432.0,1566495.0,,,,
156,GEORGIA,2013,17317504.0,9555687.0,129329.0,131295.0,1587251.0,240.0472366,279.17911089999996,221.8367125,247.7391537
157,GEORGIA,2014,17668352.0,9635641.0,131377.0,133128.0,1610821.0,,,,
158,GEORGIA,2015,18501103.0,10081483.0,134343.0,131509.0,1628449.0,236.4525193,278.71179680000006,222.0134973,277.19136339999994
159,GEORGIA,2016,19158388.0,10534931.0,,,,,,,
160,HAWAII,2001,1363164.0,732512.0,14886.0,13705.0,170610.0,,,,
161,HAWAII,2002,1436637.0,815123.0,14653.0,13875.0,170355.0,,,,
162,HAWAII,2003,1602392.0,888473.0,14538.0,14543.0,169754.0,226.8346102,265.728581,208.2595675,251.00750040000003
163,HAWAII,2004,1734591.0,943647.0,14289.0,14422.0,169391.0,,,,
164,HAWAII,2005,1765805.0,1007207.0,14127.0,13696.0,168401.0,230.09687540000002,265.62931910000003,209.5787676,264.75810609999996
165,HAWAII,2006,1939968.0,1077351.0,13687.0,13512.0,166602.0,,,,
166,HAWAII,2007,2199604.0,1177781.0,13652.0,13420.0,164659.0,234.286135,268.77201339999993,213.49655499999997,267.0556914
167,HAWAII,2008,2242408.0,1281836.0,13739.0,12665.0,163821.0,,,,
168,HAWAII,2009,2318671.0,1402305.0,14249.0,12967.0,164038.0,235.67978080000003,273.7586067,210.6164187,264.99896609999996
169,HAWAII,2010,2215458.0,1321657.0,13457.0,12567.0,163358.0,,,,
170,HAWAII,2011,2259104.0,1253534.0,14353.0,12783.0,165655.0,238.8219278,277.8362111,213.61457119999997,242.0563682
171,HAWAII,2012,2344733.0,1262938.0,14572.0,12791.0,167040.0,,,,
172,HAWAII,2013,2345917.0,1283872.0,14810.0,13228.0,169053.0,243.30861890000003,281.41292230000005,214.84387990000002,276.9943674
173,HAWAII,2014,2504144.0,1386369.0,15221.0,12587.0,170388.0,,,,
174,HAWAII,2015,2521004.0,1377713.0,15196.0,13129.0,166729.0,237.8958068,279.340145,215.124313,263.3830014
175,HAWAII,2016,2733094.0,1468044.0,,,,,,,
176,IDAHO,2001,1535485.0,853733.0,18974.0,19592.0,228652.0,,,,
177,IDAHO,2002,1666027.0,896815.0,18849.0,19647.0,230639.0,,,,
178,IDAHO,2003,1726941.0,924434.0,18710.0,20091.0,233530.0,234.94376469999997,279.9392668,218.2598855,267.5926409
179,IDAHO,2004,1744954.0,943113.0,18856.0,20299.0,236481.0,,,,
180,IDAHO,2005,1819519.0,989703.0,19860.0,20674.0,241995.0,241.65011569999996,280.9668966,221.8595114,264.01275919999995
181,IDAHO,2006,1903720.0,1027985.0,19989.0,20540.0,246458.0,,,,
182,IDAHO,2007,1960472.0,1069134.0,20658.0,20557.0,250824.0,240.90284350000002,283.5075958,223.40406529999998,264.5448307
183,IDAHO,2008,2001328.0,1124302.0,21450.0,20623.0,253535.0,,,,
184,IDAHO,2009,2078446.0,1157633.0,21337.0,21019.0,254694.0,241.0428023,287.3052151,221.0229244,242.49042430000003
185,IDAHO,2010,2098737.0,1159932.0,21575.0,20588.0,254715.0,,,,
186,IDAHO,2011,1960818.0,1104553.0,21835.0,21172.0,257972.0,240.32883250000003,286.6750633,220.8297706,272.34996
187,IDAHO,2012,1911706.0,1073312.0,21884.0,21670.0,262425.0,,,,
188,IDAHO,2013,1967676.0,1113400.0,22803.0,21991.0,273080.0,240.72201980000003,286.4138816,219.30298599999998,265.8282971
189,IDAHO,2014,2012852.0,1108768.0,22799.0,22407.0,269183.0,,,,
190,IDAHO,2015,2029520.0,1130814.0,22812.0,22350.0,271203.0,238.7996247,283.7423253,221.6900662,262.26860530000005
191,IDAHO,2016,2100980.0,1171313.0,,,,,,,
192,ILLINOIS,2001,19337580.0,9317202.0,159038.0,151737.0,1918427.0,,,,
193,ILLINOIS,2002,20563001.0,9904454.0,157570.0,156451.0,1932882.0,,,,
194,ILLINOIS,2003,21278177.0,10409933.0,160246.0,160271.0,1950197.0,232.8567753,277.160081,216.30428799999999,267.21807540000003
195,ILLINOIS,2004,21681903.0,10829189.0,158622.0,162192.0,1951248.0,,,,
196,ILLINOIS,2005,22035569.0,11063949.0,154372.0,160911.0,1963519.0,233.06749399999998,277.6722389,216.48972,266.00936540000004
197,ILLINOIS,2006,22622323.0,11327481.0,153480.0,159038.0,1970836.0,,,,
198,ILLINOIS,2007,23401917.0,11692204.0,152895.0,161310.0,1967050.0,237.28704130000003,280.497096,219.3868114,240.7936248
199,ILLINOIS,2008,25696866.0,12676038.0,152951.0,159272.0,1972738.0,,,,
200,ILLINOIS,2009,27716187.0,13520105.0,154405.0,155003.0,1956078.0,238.2856688,282.431417,219.16577999999998,272.4593163
201,ILLINOIS,2010,28560306.0,14668228.0,153781.0,154293.0,1945429.0,,,,
202,ILLINOIS,2011,28525858.0,14636402.0,151870.0,153828.0,1937608.0,238.8368789,283.2281347,219.3574983,262.1213748
203,ILLINOIS,2012,29067543.0,14896596.0,151409.0,152505.0,1925565.0,,,,
204,ILLINOIS,2013,29517831.0,15285224.0,152779.0,154578.0,1921873.0,239.000204,284.8976472,218.54018390000002,264.61571349999997
205,ILLINOIS,2014,31080869.0,16323537.0,149399.0,153054.0,1910510.0,,,,
206,ILLINOIS,2015,32410033.0,17313173.0,149373.0,150193.0,1905851.0,237.30781380000002,281.9685673,222.02226769999996,257.3504398
207,ILLINOIS,2016,33037244.0,17804976.0,,,,,,,
208,INDIANA,2001,8991877.0,4364661.0,79008.0,76999.0,919081.0,,,,
209,INDIANA,2002,9353054.0,4586033.0,78909.0,79338.0,929556.0,,,,
210,INDIANA,2003,9777720.0,4785880.0,77484.0,81494.0,937134.0,237.9682799,281.2209398,220.40649109999998,264.5320515
211,INDIANA,2004,10312694.0,5005025.0,78079.0,82728.0,948206.0,,,,
212,INDIANA,2005,11071431.0,5343758.0,79078.0,82021.0,959555.0,240.06909879999998,281.7149455,218.0725333,238.20309300000002
213,INDIANA,2006,11260755.0,5348450.0,78177.0,82067.0,966795.0,,,,
214,INDIANA,2007,11462062.0,5511104.0,78204.0,80850.0,971319.0,245.144255,285.00721089999996,221.6730923,272.69255289999995
215,INDIANA,2008,10865851.0,5504992.0,78842.0,80874.0,969839.0,,,,
216,INDIANA,2009,11218398.0,5548292.0,79992.0,80983.0,968437.0,242.61680959999998,286.8099779,222.6594808,264.3620409
217,INDIANA,2010,11502534.0,5746633.0,82387.0,79790.0,970467.0,,,,
218,INDIANA,2011,11113533.0,5609296.0,78627.0,79586.0,962599.0,243.836876,285.00291610000005,220.73134269999997,262.3586434
219,INDIANA,2012,11351906.0,5659432.0,75678.0,79908.0,960688.0,,,,
220,INDIANA,2013,11211155.0,5535933.0,77584.0,80754.0,965699.0,248.5967774,287.7676538,225.33234080000003,259.96056949999996
221,INDIANA,2014,11136045.0,5513142.0,75552.0,82669.0,966179.0,,,,
222,INDIANA,2015,11378564.0,5537406.0,77751.0,79198.0,968731.0,247.6521836,287.17520110000004,227.27889130000003,268.5534796
223,INDIANA,2016,11535287.0,5730602.0,,,,,,,
224,IOWA,2001,4211493.0,1994331.0,36106.0,37115.0,446874.0,,,,
225,IOWA,2002,4418238.0,2109878.0,34803.0,37281.0,439782.0,,,,
226,IOWA,2003,4517990.0,2157225.0,34290.0,38428.0,442301.0,238.47669449999998,283.95334469999995,223.27112979999998,238.7007333
227,IOWA,2004,4443289.0,2256107.0,33743.0,38097.0,441606.0,,,,
228,IOWA,2005,4599549.0,2323233.0,34160.0,38145.0,446047.0,239.88080180000003,283.8109288,220.8094002,270.5087409
229,IOWA,2006,4930613.0,2425326.0,34245.0,37031.0,445530.0,,,,
230,IOWA,2007,5198975.0,2557629.0,34590.0,36040.0,447296.0,242.81958930000002,285.2269031,224.8947954,259.7907207
231,IOWA,2008,5495756.0,2737356.0,35031.0,35324.0,449037.0,,,,
232,IOWA,2009,5732186.0,2914176.0,35225.0,35239.0,452886.0,242.595644,284.17017860000004,221.4222981,260.2445245
233,IOWA,2010,5941449.0,2970150.0,35071.0,35263.0,456469.0,,,,
234,IOWA,2011,6057294.0,2995991.0,34951.0,35498.0,455683.0,242.60487290000003,284.92083610000003,220.70744700000003,257.18801040000005
235,IOWA,2012,6256926.0,3072424.0,35492.0,35694.0,458444.0,,,,
236,IOWA,2013,6318241.0,3174989.0,35617.0,36238.0,461724.0,245.7935055,285.0701378,223.8158046,270.22416860000004
237,IOWA,2014,6541553.0,3266694.0,36072.0,35827.0,465388.0,,,,
238,IOWA,2015,6772654.0,3383909.0,37030.0,35965.0,468796.0,243.3399119,286.41622,223.6293988,266.80672830000003
239,IOWA,2016,6972412.0,3447707.0,,,,,,,
240,KANSAS,2001,3491029.0,1721113.0,34932.0,36120.0,425728.0,,,,
241,KANSAS,2002,3690815.0,1958937.0,34146.0,35972.0,424993.0,,,,
242,KANSAS,2003,3818740.0,2068389.0,33799.0,36602.0,421943.0,241.74736580000004,284.1910881,220.14322969999998,271.7909687
243,KANSAS,2004,3982036.0,2132173.0,33503.0,35915.0,420159.0,,,,
244,KANSAS,2005,4076597.0,2174402.0,33229.0,35772.0,417181.0,245.78204649999998,284.0300535,220.4687493,255.77997000000002
245,KANSAS,2006,4439000.0,2378494.0,33101.0,34810.0,429900.0,,,,
246,KANSAS,2007,4823931.0,2602503.0,34383.0,34572.0,430620.0,247.9236542,290.0325998,224.6583622,258.7049928
247,KANSAS,2008,5122049.0,2770019.0,34965.0,34366.0,431612.0,,,,
248,KANSAS,2009,5827751.0,2883104.0,35782.0,34596.0,433596.0,245.30865359999999,288.59640299999995,223.9242133,254.7389799
249,KANSAS,2010,5979429.0,2837948.0,35991.0,34220.0,442073.0,,,,
250,KANSAS,2011,5662146.0,2839803.0,35608.0,35291.0,442920.0,246.2553348,289.6192827,223.5650912,268.0146716
251,KANSAS,2012,5615714.0,2935226.0,36167.0,35447.0,445127.0,,,,
252,KANSAS,2013,5621023.0,2969201.0,36435.0,36457.0,451692.0,246.1857019,289.51825610000003,223.3863688,266.898721
253,KANSAS,2014,5957954.0,3033016.0,36435.0,36140.0,453658.0,,,,
254,KANSAS,2015,6175724.0,3051755.0,36928.0,35694.0,453928.0,241.0672085,283.8710963,221.0898804,268.2534677
255,KANSAS,2016,6134836.0,3006786.0,,,,,,,
256,KENTUCKY,2001,4350588.0,2467964.0,49288.0,47019.0,602920.0,,,,
257,KENTUCKY,2002,4541670.0,2598897.0,48636.0,48934.0,608653.0,,,,
258,KENTUCKY,2003,4700494.0,2688476.0,47890.0,50186.0,609861.0,228.72634330000002,274.2784722,219.0444173,257.30131980000004
259,KENTUCKY,2004,5259909.0,2723672.0,47872.0,51172.0,620284.0,,,,
260,KENTUCKY,2005,5750671.0,2864633.0,47639.0,50701.0,624506.0,231.4923054,273.9830272,219.9268179,256.8723815
261,KENTUCKY,2006,6112978.0,3082253.0,47975.0,50323.0,628019.0,,,,
262,KENTUCKY,2007,6351636.0,3184235.0,49250.0,49723.0,615972.0,235.0879202,278.70474989999997,222.4323142,251.33081069999997
263,KENTUCKY,2008,6793215.0,3422359.0,49875.0,49668.0,619126.0,,,,
264,KENTUCKY,2009,6831006.0,3468191.0,51027.0,49298.0,628441.0,238.83590230000001,279.28421610000004,225.6062424,264.83718500000003
265,KENTUCKY,2010,7092071.0,3616584.0,51189.0,48525.0,621577.0,,,,
266,KENTUCKY,2011,7253850.0,3663998.0,49894.0,50043.0,629177.0,240.8307002,281.6088097,225.1350629,265.64372940000004
267,KENTUCKY,2012,7444529.0,3697663.0,50583.0,50259.0,630798.0,,,,
268,KENTUCKY,2013,7413896.0,3663594.0,49770.0,50203.0,624660.0,241.46992680000002,280.6454425,224.4275405,267.2729747
269,KENTUCKY,2014,7346219.0,3659917.0,50300.0,51246.0,636274.0,,,,
270,KENTUCKY,2015,7554887.0,3807748.0,51339.0,49774.0,636640.0,241.7277619,277.94726010000005,228.05516830000002,268.2005963
271,KENTUCKY,2016,7786281.0,3917968.0,,,,,,,
272,LOUISIANA,2001,4939894.0,2654239.0,62290.0,61115.0,674944.0,,,,
273,LOUISIANA,2002,5298267.0,2882613.0,60269.0,60930.0,672957.0,,,,
274,LOUISIANA,2003,5515322.0,3009591.0,59928.0,60013.0,671080.0,226.2477291,266.32835930000005,204.7294875,257.714825
275,LOUISIANA,2004,5708535.0,3137090.0,61940.0,60194.0,666895.0,,,,
276,LOUISIANA,2005,5941561.0,3264689.0,53121.0,53832.0,601589.0,230.23119640000002,267.75503080000004,209.16565830000002,248.505423
277,LOUISIANA,2006,6032182.0,3167501.0,51624.0,50694.0,622047.0,,,,
278,LOUISIANA,2007,6657341.0,3430268.0,56201.0,51355.0,627976.0,230.0431193,272.38629960000003,207.4068055,264.8863424
279,LOUISIANA,2008,7599993.0,3879560.0,57165.0,51910.0,632213.0,,,,
280,LOUISIANA,2009,8053960.0,4051985.0,59998.0,52818.0,637152.0,229.4324555,272.3799067,207.4861372,264.5140023
281,LOUISIANA,2010,8125021.0,4136550.0,58778.0,49523.0,642282.0,,,,
282,LOUISIANA,2011,8218870.0,4162557.0,58304.0,52289.0,647353.0,230.7788693,272.84333389999995,210.41072630000002,264.72984449999996
283,LOUISIANA,2012,8504567.0,4365583.0,57434.0,52507.0,652212.0,,,,
284,LOUISIANA,2013,7940880.0,3963343.0,56770.0,54842.0,654114.0,231.36630860000002,272.7609665,210.45496319999998,269.0034496
285,LOUISIANA,2014,8140649.0,4026042.0,54030.0,52835.0,660681.0,,,,
286,LOUISIANA,2015,8437263.0,4100906.0,54294.0,52480.0,664995.0,234.2819018,268.4323551,216.1993372,266.7655306
287,LOUISIANA,2016,8248660.0,4095916.0,,,,,,,
288,MAINE,2001,1958646.0,1118171.0,15883.0,17347.0,189450.0,,,,
289,MAINE,2002,2057022.0,1180701.0,15194.0,17131.0,188140.0,,,,
290,MAINE,2003,2154117.0,1255095.0,14841.0,17321.0,188045.0,237.61571040000004,281.9037733,223.8594938,251.2848019
291,MAINE,2004,2291174.0,1304255.0,14439.0,16850.0,185133.0,,,,
292,MAINE,2005,2325138.0,1355800.0,14198.0,16692.0,181732.0,240.6914597,281.0585409,224.5777722,264.3017438
293,MAINE,2006,2381439.0,1376177.0,14192.0,15782.0,179985.0,,,,
294,MAINE,2007,2501127.0,1459635.0,14238.0,15334.0,182535.0,242.37060400000001,286.47225310000005,225.54404580000002,262.8266171
295,MAINE,2008,2582293.0,1359995.0,13860.0,14886.0,179460.0,,,,
296,MAINE,2009,2624504.0,1383650.0,13769.0,14438.0,175521.0,244.45573280000002,286.3614259,223.790428,265.6912406
297,MAINE,2010,2680693.0,1421800.0,13728.0,14358.0,175258.0,,,,
298,MAINE,2011,2728535.0,1431522.0,13533.0,14584.0,175325.0,244.2570165,288.73229760000004,222.03733219999998,264.5545275
299,MAINE,2012,2625759.0,1376755.0,13345.0,14127.0,172012.0,,,,
300,MAINE,2013,2535405.0,1351259.0,13550.0,13975.0,170544.0,245.84700180000002,288.73115970000003,224.833289,266.8875236
301,MAINE,2014,2550302.0,1369822.0,13488.0,13805.0,169196.0,,,,
302,MAINE,2015,2596180.0,1406898.0,13311.0,13544.0,168778.0,242.24465409999996,284.875477,223.7286079,267.7729001
303,MAINE,2016,2706103.0,1437164.0,,,,,,,
304,MARYLAND,2001,7981362.0,4172982.0,67448.0,66211.0,798553.0,,,,
305,MARYLAND,2002,8568446.0,4482809.0,65824.0,67984.0,804678.0,,,,
306,MARYLAND,2003,8732518.0,4738579.0,65119.0,68967.0,808553.0,233.0798523,277.7161125,218.67375980000003,264.4397757
307,MARYLAND,2004,8921938.0,4963083.0,63776.0,69567.0,810723.0,,,,
308,MARYLAND,2005,9782665.0,5154440.0,62347.0,68400.0,803162.0,238.4217067,277.93079460000007,220.0295858,263.51702969999997
309,MARYLAND,2006,10585292.0,5535192.0,61045.0,66332.0,795507.0,,,,
310,MARYLAND,2007,11541225.0,6031042.0,60281.0,65088.0,786245.0,240.3282307,285.7342652,224.7812651,264.0959609
311,MARYLAND,2008,12739693.0,6614339.0,59512.0,63639.0,783331.0,,,,
312,MARYLAND,2009,12757599.0,6899346.0,61183.0,62590.0,786984.0,243.79504100000003,288.3415653,226.0477839,264.888126
313,MARYLAND,2010,13205691.0,7147880.0,60765.0,61971.0,789507.0,,,,
314,MARYLAND,2011,13247697.0,7205515.0,63118.0,61917.0,789359.0,247.10655580000002,287.9978023,230.7828412,267.3363958
315,MARYLAND,2012,13212140.0,7140620.0,63703.0,60908.0,792742.0,,,,
316,MARYLAND,2013,13284637.0,7303090.0,64629.0,62322.0,798621.0,245.1693795,286.64138110000005,232.05597310000002,269.6164717
317,MARYLAND,2014,13712839.0,7475952.0,65382.0,61747.0,808314.0,,,,
318,MARYLAND,2015,13882823.0,7686024.0,66910.0,63777.0,814671.0,239.4997509,283.1490341,222.94418959999996,255.46941780000003
319,MARYLAND,2016,13992191.0,7779504.0,,,,,,,
320,MASSACHUSETTS,2001,10572138.0,6135199.0,76597.0,75218.0,904574.0,,,,
321,MASSACHUSETTS,2002,11507438.0,6256148.0,75165.0,77903.0,913665.0,,,,
322,MASSACHUSETTS,2003,11382398.0,6521028.0,73478.0,78635.0,910755.0,241.66452740000003,286.5206945,227.60425940000002,266.40896890000005
323,MASSACHUSETTS,2004,12033345.0,6883753.0,72818.0,76831.0,907217.0,,,,
324,MASSACHUSETTS,2005,12726283.0,7203922.0,71410.0,76223.0,903667.0,247.33704900000004,291.51354110000005,231.2794393,261.0136865
325,MASSACHUSETTS,2006,13503621.0,7613569.0,70752.0,74381.0,899512.0,,,,
326,MASSACHUSETTS,2007,14315518.0,8053653.0,71443.0,73318.0,894408.0,252.43031980000004,297.9233445,235.75346209999998,267.4507196
327,MASSACHUSETTS,2008,14631545.0,8479345.0,70666.0,73170.0,889647.0,,,,
328,MASSACHUSETTS,2009,15174814.0,8885949.0,71078.0,72093.0,887862.0,252.25478969999998,298.8543466,233.7494631,266.7995193
329,MASSACHUSETTS,2010,14857823.0,8479433.0,71140.0,71588.0,887191.0,,,,
330,MASSACHUSETTS,2011,15150898.0,8685894.0,70404.0,72758.0,884414.0,253.3964558,298.5124311,236.77386659999996,268.83396360000006
331,MASSACHUSETTS,2012,15696061.0,8801567.0,70952.0,72048.0,884028.0,,,,
332,MASSACHUSETTS,2013,16201905.0,9097982.0,70862.0,72116.0,884756.0,253.03378519999998,300.568235,232.373156,257.35124269999994
333,MASSACHUSETTS,2014,16518383.0,9407351.0,69922.0,72190.0,886986.0,,,,
334,MASSACHUSETTS,2015,16972319.0,9774884.0,70892.0,72176.0,895431.0,250.5657778,296.90857139999997,235.27542340000002,268.3912363
335,MASSACHUSETTS,2016,17037880.0,9991819.0,,,,,,,
336,MICHIGAN,2001,17573761.0,8136476.0,131673.0,129908.0,1569618.0,,,,
337,MICHIGAN,2002,18881772.0,8402799.0,131504.0,135649.0,1607558.0,,,,
338,MICHIGAN,2003,19680370.0,8725075.0,127659.0,139797.0,1582187.0,235.6869747,276.44186160000004,218.78905669999997,264.8325323
339,MICHIGAN,2004,20060708.0,9094564.0,125319.0,137898.0,1574380.0,,,,
340,MICHIGAN,2005,20489512.0,9269314.0,121830.0,134113.0,1572460.0,237.70600299999998,277.346682,218.26068909999998,267.0031717
341,MICHIGAN,2006,20626758.0,9400832.0,120173.0,130582.0,1554514.0,,,,
342,MICHIGAN,2007,19839838.0,9608836.0,118931.0,126608.0,1547380.0,237.6055535,276.8305171,220.1184528,267.4137909
343,MICHIGAN,2008,20703780.0,9608877.0,117432.0,123823.0,1517746.0,,,,
344,MICHIGAN,2009,19992550.0,9422685.0,118702.0,121463.0,1507838.0,236.27971969999996,278.2681682,218.2355503,266.85401980000006
345,MICHIGAN,2010,19967017.0,9457233.0,115722.0,118831.0,1466286.0,,,,
346,MICHIGAN,2011,18469948.0,9198775.0,112465.0,118628.0,1457648.0,236.4022137,280.17651800000004,218.86081040000002,254.6883478
347,MICHIGAN,2012,18063824.0,9070480.0,112068.0,117640.0,1443778.0,,,,
348,MICHIGAN,2013,17468264.0,8885537.0,113420.0,118440.0,1438772.0,236.8197784,280.13359710000003,217.36516769999997,269.193764
349,MICHIGAN,2014,17358365.0,8858564.0,110135.0,116804.0,1428487.0,,,,
350,MICHIGAN,2015,17742903.0,9040821.0,111267.0,113640.0,1419183.0,235.7288937,278.1686519,216.30663019999997,267.9055297
351,MICHIGAN,2016,18001445.0,9113469.0,,,,,,,
352,MINNESOTA,2001,8221636.0,3981906.0,62580.0,66797.0,793027.0,,,,
353,MINNESOTA,2002,8716123.0,4113812.0,61634.0,66999.0,788134.0,,,,
354,MINNESOTA,2003,8938770.0,4318736.0,60045.0,67909.0,783524.0,241.91229559999996,290.680056,222.6089623,267.50483169999995
355,MINNESOTA,2004,8963393.0,4506036.0,59338.0,66016.0,779846.0,,,,
356,MINNESOTA,2005,9082593.0,4637773.0,58563.0,65416.0,779313.0,245.74619109999998,290.0749958,225.22657809999998,266.8312332
357,MINNESOTA,2006,9671933.0,4818788.0,59257.0,64619.0,779853.0,,,,
358,MINNESOTA,2007,10030105.0,5048143.0,59431.0,63189.0,777438.0,246.99776239999997,291.8511165,224.9170043,261.96595099999996
359,MINNESOTA,2008,10462624.0,5242058.0,59822.0,62080.0,774066.0,,,,
360,MINNESOTA,2009,11193640.0,5815987.0,60640.0,61281.0,773942.0,249.45553419999996,294.44332010000005,223.33666180000003,253.329004
361,MINNESOTA,2010,10564774.0,5676045.0,61627.0,61706.0,775076.0,,,,
362,MINNESOTA,2011,10612480.0,5644771.0,60917.0,61574.0,775605.0,249.1866861,294.9464228,222.3086724,269.872413
363,MINNESOTA,2012,10696348.0,5672620.0,62523.0,62335.0,779659.0,,,,
364,MINNESOTA,2013,10942019.0,5826404.0,63979.0,62899.0,785355.0,253.4209611,294.59297260000005,227.03074180000002,273.80190310000006
365,MINNESOTA,2014,11300786.0,5986788.0,63781.0,63805.0,792781.0,,,,
366,MINNESOTA,2015,11969872.0,6257807.0,65362.0,63075.0,800793.0,249.575847,294.14777799999996,223.35292,274.4975681
367,MINNESOTA,2016,12848946.0,6548885.0,,,,,,,
368,MISSISSIPPI,2001,2930393.0,1548979.0,39749.0,36731.0,442380.0,,,,
369,MISSISSIPPI,2002,3026111.0,1586661.0,39615.0,37282.0,441857.0,,,,
370,MISSISSIPPI,2003,3205193.0,1702193.0,38752.0,38231.0,441603.0,222.89060049999998,260.9119336,205.4644068,266.01168959999995
371,MISSISSIPPI,2004,3473928.0,1831472.0,38311.0,39115.0,442997.0,,,,
372,MISSISSIPPI,2005,3610904.0,1935459.0,36787.0,38907.0,442829.0,226.69884469999997,262.45624269999996,204.393607,263.9384184
373,MISSISSIPPI,2006,4066036.0,2096028.0,36873.0,38819.0,445148.0,,,,
374,MISSISSIPPI,2007,4158733.0,2160396.0,37274.0,37948.0,446782.0,227.61237709999997,264.8909187,207.8095188,253.2382943
375,MISSISSIPPI,2008,4363308.0,2286231.0,38159.0,37889.0,445607.0,,,,
376,MISSISSIPPI,2009,4552756.0,2317710.0,39651.0,36577.0,445319.0,227.2622608,265.0019582,210.50651749999997,267.7064996
377,MISSISSIPPI,2010,4504257.0,2337184.0,38295.0,36113.0,443446.0,,,,
378,MISSISSIPPI,2011,4345783.0,2238165.0,37715.0,36071.0,441072.0,229.8680222,269.2356456,209.1880201,271.2228966
379,MISSISSIPPI,2012,4423270.0,2291333.0,36663.0,36745.0,441846.0,,,,
380,MISSISSIPPI,2013,4370050.0,2274357.0,36959.0,37896.0,441726.0,231.10572140000002,271.1609673,208.5185365,277.0095591
381,MISSISSIPPI,2014,4463078.0,2279076.0,36620.0,36791.0,442599.0,,,,
382,MISSISSIPPI,2015,4624539.0,2350872.0,36092.0,35922.0,441733.0,234.2430531,270.5804793,214.1106869,264.4967551
383,MISSISSIPPI,2016,4631356.0,2407637.0,,,,,,,
384,MISSOURI,2001,7100685.0,3659465.0,71928.0,69677.0,840352.0,,,,
385,MISSOURI,2002,7636924.0,3901665.0,69697.0,71670.0,839749.0,,,,
386,MISSOURI,2003,7905481.0,4087984.0,66927.0,72806.0,838568.0,234.83642540000002,278.7662503,222.2602301,266.1914352
387,MISSOURI,2004,7896438.0,4061388.0,66284.0,73619.0,841121.0,,,,
388,MISSOURI,2005,8170965.0,4224716.0,66215.0,74436.0,849484.0,235.03554759999997,276.44993930000004,221.1686228,252.69159330000002
389,MISSOURI,2006,8654672.0,4483151.0,66268.0,72023.0,852480.0,,,,
390,MISSOURI,2007,9245525.0,4743390.0,67996.0,68636.0,849874.0,239.4111029,280.6195383,220.7768279,269.92015380000004
391,MISSOURI,2008,9900419.0,5004354.0,67620.0,68030.0,850181.0,,,,
392,MISSOURI,2009,10227305.0,5175127.0,68730.0,67430.0,848966.0,240.68438089999998,285.80800189999997,223.84235780000003,267.2980565
393,MISSOURI,2010,10139784.0,5237387.0,68313.0,66944.0,849334.0,,,,
394,MISSOURI,2011,9842505.0,5100879.0,67274.0,68413.0,846720.0,240.494831,281.9476462,220.346171,275.3685176
395,MISSOURI,2012,9910617.0,5056789.0,67493.0,68057.0,846122.0,,,,
396,MISSOURI,2013,10001763.0,5139610.0,67908.0,68401.0,847443.0,239.5483619,282.9884579,222.33418590000002,265.9429631
397,MISSOURI,2014,10324249.0,5243167.0,68210.0,67879.0,849032.0,,,,
398,MISSOURI,2015,10540353.0,5387766.0,69134.0,67126.0,852108.0,238.9649225,280.82142569999996,222.7255168,270.23681780000004
399,MISSOURI,2016,10719882.0,5488433.0,,,,,,,
400,MONTANA,2001,1129098.0,638218.0,11602.0,12389.0,141623.0,,,,
401,MONTANA,2002,1163960.0,662030.0,10931.0,12218.0,139789.0,,,,
402,MONTANA,2003,1214879.0,687104.0,10779.0,12409.0,137859.0,235.7549153,285.9280226,222.74654159999997,253.44828819999998
403,MONTANA,2004,1241417.0,703730.0,10440.0,12011.0,136080.0,,,,
404,MONTANA,2005,1268328.0,721019.0,10527.0,12050.0,134837.0,240.5754886,286.4320012,224.5521798,269.98344380000003
405,MONTANA,2006,1377599.0,753664.0,10311.0,11387.0,133819.0,,,,
406,MONTANA,2007,1442434.0,793711.0,10503.0,11180.0,132152.0,243.61881129999998,287.075529,226.66653259999998,265.2401215
407,MONTANA,2008,1557678.0,831718.0,10558.0,10890.0,131097.0,,,,
408,MONTANA,2009,1622485.0,855803.0,10499.0,10911.0,130847.0,244.4007519,291.54294289999996,224.65175010000002,273.5892897
409,MONTANA,2010,1642886.0,895727.0,10751.0,10729.0,130578.0,,,,
410,MONTANA,2011,1655584.0,902615.0,10739.0,10773.0,130652.0,243.7966065,292.9078043,225.1442162,265.1940412
411,MONTANA,2012,1652537.0,888206.0,10861.0,10895.0,131199.0,,,,
412,MONTANA,2013,1679521.0,907018.0,11028.0,10635.0,132091.0,243.69888459999999,289.228453,222.98274930000002,271.0196546
413,MONTANA,2014,1754324.0,949120.0,11044.0,10807.0,132850.0,,,,
414,MONTANA,2015,1804841.0,940488.0,11659.0,10967.0,133817.0,241.2870483,287.46400550000004,224.7573935,251.97616519999997
415,MONTANA,2016,1879789.0,973199.0,,,,,,,
416,NEBRASKA,2001,2344564.0,1256013.0,21160.0,21757.0,264861.0,,,,
417,NEBRASKA,2002,2562812.0,1338653.0,20874.0,21943.0,264962.0,,,,
418,NEBRASKA,2003,2623966.0,1414919.0,20480.0,22792.0,264823.0,236.25410840000004,282.193756,220.61180209999998,268.3232652
419,NEBRASKA,2004,2667987.0,1471641.0,20429.0,22267.0,264556.0,,,,
420,NEBRASKA,2005,2708776.0,1487488.0,20290.0,21998.0,264758.0,237.70617850000002,283.962991,221.3774628,260.7823834
421,NEBRASKA,2006,2867250.0,1570629.0,20338.0,21622.0,265500.0,,,,
422,NEBRASKA,2007,3117931.0,1673992.0,20519.0,21047.0,268656.0,238.04080860000002,283.6505986,222.90255430000002,273.2840488
423,NEBRASKA,2008,3325663.0,1784350.0,20939.0,20958.0,269800.0,,,,
424,NEBRASKA,2009,3523803.0,1887427.0,21517.0,20834.0,271791.0,238.74846340000002,284.2590935,222.52330730000003,261.89815
425,NEBRASKA,2010,3640199.0,2089854.0,21901.0,20875.0,275089.0,,,,
426,NEBRASKA,2011,3676326.0,2101943.0,22279.0,21115.0,277501.0,239.8032687,283.1970448,223.31172599999996,270.1489602
427,NEBRASKA,2012,3880517.0,2247992.0,22583.0,21438.0,281410.0,,,,
428,NEBRASKA,2013,3913038.0,2318463.0,23097.0,22089.0,283652.0,243.15792909999996,285.0613485,223.25278509999998,253.1478182
429,NEBRASKA,2014,4008633.0,2371149.0,22921.0,22374.0,288684.0,,,,
430,NEBRASKA,2015,4283846.0,2446701.0,23366.0,22656.0,292640.0,243.86366690000003,286.4985635,226.6346109,266.8763518
431,NEBRASKA,2016,4640422.0,2526973.0,,,,,,,
432,NEVADA,2001,2692840.0,1171360.0,29676.0,27028.0,329264.0,,,,
433,NEVADA,2002,2913023.0,1343669.0,29953.0,29242.0,341498.0,,,,
434,NEVADA,2003,3009028.0,1406660.0,30653.0,31392.0,356215.0,227.5135983,268.0431377,206.95968269999997,261.59573190000003
435,NEVADA,2004,3228619.0,1544881.0,31950.0,32472.0,369666.0,,,,
436,NEVADA,2005,3483540.0,1665706.0,32222.0,33502.0,381408.0,229.8715955,269.9055855,207.1869744,273.7160629
437,NEVADA,2006,4022979.0,1840698.0,32711.0,33586.0,391927.0,,,,
438,NEVADA,2007,4346371.0,2047045.0,33760.0,34121.0,396462.0,231.7816005,270.8040244,210.8190091,260.31770609999995
439,NEVADA,2008,4881218.0,2094491.0,34099.0,34394.0,400895.0,,,,
440,NEVADA,2009,4577881.0,2145779.0,33664.0,33291.0,396431.0,235.1522739,274.1485417,211.140589,269.73982010000003
441,NEVADA,2010,4260869.0,2117135.0,34047.0,33070.0,404048.0,,,,
442,NEVADA,2011,4258855.0,2161550.0,33608.0,33745.0,405467.0,237.03187889999998,278.1131537,212.57519169999998,253.8334404
443,NEVADA,2012,4109706.0,2049362.0,33462.0,34192.0,409982.0,,,,
444,NEVADA,2013,4057443.0,2058538.0,33827.0,34541.0,415933.0,236.26289939999998,278.28668089999996,213.7553136,267.2150118
445,NEVADA,2014,4043820.0,2104452.0,34993.0,35318.0,424312.0,,,,
446,NEVADA,2015,4183085.0,2170424.0,36474.0,35802.0,432192.0,233.8270162,275.1718688,214.4255845,269.9567776
447,NEVADA,2016,4374249.0,2288790.0,,,,,,,
448,NEW_HAMPSHIRE,2001,1796043.0,937479.0,16612.0,17111.0,196545.0,,,,
449,NEW_HAMPSHIRE,2002,1956047.0,1047490.0,15939.0,17421.0,197293.0,,,,
450,NEW_HAMPSHIRE,2003,2122604.0,1119824.0,15810.0,17703.0,196877.0,243.11014219999998,286.1984687,227.78950849999998,272.90664510000005
451,NEW_HAMPSHIRE,2004,2236010.0,1195488.0,15501.0,17237.0,196068.0,,,,
452,NEW_HAMPSHIRE,2005,2333264.0,1261140.0,15151.0,17038.0,194795.0,245.6259264,285.253357,227.4383241,261.13847230000005
453,NEW_HAMPSHIRE,2006,2494247.0,1332640.0,15080.0,16431.0,193197.0,,,,
454,NEW_HAMPSHIRE,2007,2608190.0,1395619.0,15026.0,16218.0,190283.0,248.57152659999997,287.557061,229.01717340000002,268.19744280000003
455,NEW_HAMPSHIRE,2008,2715961.0,1495009.0,14613.0,15783.0,186966.0,,,,
456,NEW_HAMPSHIRE,2009,2757401.0,1546316.0,14560.0,15517.0,185171.0,251.0717526,292.3218172,229.1445204,251.3056546
457,NEW_HAMPSHIRE,2010,2856965.0,1612216.0,14294.0,15407.0,182741.0,,,,
458,NEW_HAMPSHIRE,2011,3001244.0,1654129.0,14190.0,15164.0,179985.0,251.77883680000002,292.1087397,230.3926764,266.76205130000005
459,NEW_HAMPSHIRE,2012,2961684.0,1654634.0,13907.0,14784.0,177082.0,,,,
460,NEW_HAMPSHIRE,2013,2878534.0,1642945.0,13953.0,14690.0,174695.0,252.9935252,295.6651233,231.99836639999998,271.7657825
461,NEW_HAMPSHIRE,2014,2960615.0,1682021.0,13590.0,14423.0,173072.0,,,,
462,NEW_HAMPSHIRE,2015,3044720.0,1697165.0,13639.0,14319.0,171220.0,249.1506214,294.4130187,231.94984759999997,269.42621089999994
463,NEW_HAMPSHIRE,2016,3124778.0,1743022.0,,,,,,,
464,NEW_JERSEY,2001,17144456.0,8782754.0,101038.0,97127.0,1173513.0,,,,
465,NEW_JERSEY,2002,18155147.0,9328162.0,101577.0,101559.0,1202875.0,,,,
466,NEW_JERSEY,2003,19812932.0,10169992.0,99937.0,103603.0,1217125.0,238.7765412,281.40711989999994,225.07332799999998,264.3782925
467,NEW_JERSEY,2004,21467607.0,10880932.0,100557.0,104437.0,1238767.0,,,,
468,NEW_JERSEY,2005,23023365.0,11575456.0,98565.0,103587.0,1241033.0,243.97893140000002,283.9026042,223.2983935,268.35667290000004
469,NEW_JERSEY,2006,24177714.0,12309954.0,98149.0,102827.0,1236155.0,,,,
470,NEW_JERSEY,2007,25572112.0,13250745.0,98195.0,100884.0,1234575.0,248.6215224,288.5834514,230.64697200000003,250.0635701
471,NEW_JERSEY,2008,26168480.0,13739017.0,99242.0,100894.0,1235800.0,,,,
472,NEW_JERSEY,2009,26145334.0,13800343.0,99911.0,100749.0,1249534.0,246.52986980000003,292.6572271,229.3944864,266.8764602
473,NEW_JERSEY,2010,26736651.0,14481471.0,98641.0,99630.0,1253275.0,,,,
474,NEW_JERSEY,2011,25716298.0,14113108.0,96459.0,98968.0,1213821.0,248.00416260000003,294.1387714,231.23762969999999,272.8741408
475,NEW_JERSEY,2012,26432652.0,14491817.0,98152.0,100052.0,1224171.0,,,,
476,NEW_JERSEY,2013,28179900.0,15489942.0,98832.0,99950.0,1227423.0,246.87090919999997,296.05335110000004,228.7197441,269.2219146
477,NEW_JERSEY,2014,27742203.0,14956606.0,97428.0,99751.0,1249593.0,,,,
478,NEW_JERSEY,2015,28809725.0,15339450.0,98565.0,98128.0,1255517.0,245.3832201,293.36593819999996,229.4876744,259.4173764
479,NEW_JERSEY,2016,29665476.0,15831343.0,,,,,,,
480,NEW_MEXICO,2001,2315182.0,1096488.0,25163.0,25012.0,298123.0,,,,
481,NEW_MEXICO,2002,2542682.0,1195658.0,24995.0,25630.0,297596.0,,,,
482,NEW_MEXICO,2003,2658140.0,1239571.0,24382.0,25857.0,299430.0,222.51800919999997,263.27290669999996,203.1853126,267.71135840000005
483,NEW_MEXICO,2004,2882631.0,1340535.0,23880.0,26211.0,301478.0,,,,
484,NEW_MEXICO,2005,3011696.0,1395996.0,23987.0,25987.0,301618.0,224.02721830000002,263.27516299999996,206.79162069999998,250.53066890000002
485,NEW_MEXICO,2006,3099738.0,1500318.0,24311.0,25563.0,302552.0,,,,
486,NEW_MEXICO,2007,3279467.0,1610295.0,24452.0,25063.0,303244.0,228.0643128,267.5380787,211.63188459999998,263.442316
487,NEW_MEXICO,2008,3599724.0,1732652.0,25119.0,24366.0,304565.0,,,,
488,NEW_MEXICO,2009,3945515.0,1807514.0,25358.0,24126.0,308153.0,230.0295892,269.7042538,207.64573080000002,270.39392599999996
489,NEW_MEXICO,2010,3814058.0,1800983.0,25955.0,24469.0,311434.0,,,,
490,NEW_MEXICO,2011,3694437.0,1744548.0,25703.0,24436.0,310271.0,232.8403707,274.4547015,208.01411940000003,267.7038652
491,NEW_MEXICO,2012,3616691.0,1688871.0,25474.0,25177.0,310558.0,,,,
492,NEW_MEXICO,2013,3536546.0,1709797.0,25597.0,25062.0,311876.0,232.7814329,272.76180889999995,205.7564054,261.69598219999995
493,NEW_MEXICO,2014,3576216.0,1709599.0,25641.0,25272.0,313705.0,,,,
494,NEW_MEXICO,2015,3846641.0,1773801.0,25681.0,24957.0,310998.0,231.16723599999997,270.8975344,207.24044640000002,274.8067463
495,NEW_MEXICO,2016,3729397.0,1733158.0,,,,,,,
496,NEW_YORK,2001,38062603.0,22052316.0,214283.0,210369.0,2548448.0,,,,
497,NEW_YORK,2002,39585780.0,23167459.0,212414.0,215632.0,2556836.0,,,,
498,NEW_YORK,2003,41603390.0,24786376.0,206912.0,219335.0,2543604.0,235.9300755,279.749257,222.1882071,255.01082799999998
499,NEW_YORK,2004,42953568.0,25761741.0,202267.0,218176.0,2543681.0,,,,
500,NEW_YORK,2005,45086872.0,27866708.0,196279.0,216226.0,2518645.0,238.1739767,279.7162537,222.6952,264.6593688
501,NEW_YORK,2006,48359774.0,29589517.0,192095.0,210851.0,2499302.0,,,,
502,NEW_YORK,2007,51253984.0,31465706.0,191647.0,205135.0,2472162.0,242.5430182,280.1411772,223.7520273,270.93785
503,NEW_YORK,2008,54870811.0,33446544.0,190067.0,201895.0,2442725.0,,,,
504,NEW_YORK,2009,57851481.0,35195372.0,193473.0,198690.0,2459460.0,240.64109879999998,282.57691539999996,224.3687488,267.0678566
505,NEW_YORK,2010,60067253.0,36628097.0,198720.0,203761.0,2513244.0,,,,
506,NEW_YORK,2011,59446908.0,37834196.0,196082.0,201190.0,2477088.0,237.5199426,280.45302610000005,222.49381090000003,258.1932642
507,NEW_YORK,2012,60216421.0,38431932.0,198361.0,200642.0,2476225.0,,,,
508,NEW_YORK,2013,60505950.0,38756656.0,196988.0,203267.0,2476295.0,240.34981690000004,281.8077878,223.8133626,274.3077317
509,NEW_YORK,2014,62556193.0,40168920.0,197545.0,200384.0,2492829.0,,,,
510,NEW_YORK,2015,65094591.0,41954260.0,199866.0,197997.0,2471847.0,236.796927,280.08922010000003,222.64630319999998,270.85371150000003
511,NEW_YORK,2016,68282026.0,43964520.0,,,,,,,
512,NORTH_CAROLINA,2001,9807815.0,5187906.0,106093.0,102126.0,1212591.0,,,,
513,NORTH_CAROLINA,2002,9882399.0,5339340.0,103726.0,106126.0,1231111.0,,,,
514,NORTH_CAROLINA,2003,9989670.0,5517870.0,105411.0,108717.0,1250873.0,242.0401256,281.2403506,221.22057969999997,267.3636733
515,NORTH_CAROLINA,2004,10263463.0,5585476.0,104337.0,109979.0,1274001.0,,,,
516,NORTH_CAROLINA,2005,10917913.0,6160224.0,105392.0,111894.0,1299607.0,241.23554930000003,281.82513660000006,217.13444869999998,269.2241297
517,NORTH_CAROLINA,2006,11725031.0,6342589.0,108731.0,110965.0,1326038.0,,,,
518,NORTH_CAROLINA,2007,12794086.0,6987589.0,115076.0,114543.0,1368494.0,241.61799399999998,283.8806688,217.9340426,267.0308506
519,NORTH_CAROLINA,2008,13731201.0,7229214.0,114909.0,111050.0,1371363.0,,,,
520,NORTH_CAROLINA,2009,14868070.0,7943541.0,116876.0,109864.0,1377905.0,243.7784601,284.3326353,219.29604590000002,253.84095440000002
521,NORTH_CAROLINA,2010,14162497.0,7637844.0,118617.0,111112.0,1374033.0,,,,
522,NORTH_CAROLINA,2011,13767024.0,7566249.0,116325.0,113238.0,1389920.0,244.51790079999998,286.26702819999997,221.3569636,272.07862650000004
523,NORTH_CAROLINA,2012,13418244.0,7521325.0,116264.0,115147.0,1397076.0,,,,
524,NORTH_CAROLINA,2013,13650536.0,7681386.0,108034.0,117965.0,1408648.0,244.8017329,285.64538839999994,222.22771519999998,276.3779878
525,NORTH_CAROLINA,2014,13540706.0,7573296.0,115539.0,119636.0,1427601.0,,,,
526,NORTH_CAROLINA,2015,14060699.0,7960222.0,118617.0,117902.0,1427086.0,243.7422668,281.33109110000004,225.8105909,253.2277676
527,NORTH_CAROLINA,2016,14207389.0,8060544.0,,,,,,,
528,NORTH_DAKOTA,2001,814838.0,419201.0,7759.0,8514.0,98988.0,,,,
529,NORTH_DAKOTA,2002,838666.0,435631.0,7567.0,8374.0,97212.0,,,,
530,NORTH_DAKOTA,2003,895278.0,448720.0,7219.0,8245.0,95342.0,237.57738680000003,287.1446405,221.6422457,269.833416
531,NORTH_DAKOTA,2004,957480.0,481403.0,7069.0,8127.0,93870.0,,,,
532,NORTH_DAKOTA,2005,985502.0,501563.0,7016.0,7993.0,91704.0,242.7369951,286.9609534,224.81084669999998,267.4556943
533,NORTH_DAKOTA,2006,1017084.0,513113.0,6931.0,7874.0,90020.0,,,,
534,NORTH_DAKOTA,2007,1042175.0,523778.0,6935.0,7472.0,88329.0,245.41585419999998,291.5616119,226.32548109999996,252.34847390000002
535,NORTH_DAKOTA,2008,1085970.0,552250.0,6812.0,7364.0,87511.0,,,,
536,NORTH_DAKOTA,2009,1137260.0,579830.0,6547.0,7308.0,87601.0,245.18952630000004,292.8424885,225.9674719,270.7481588
537,NORTH_DAKOTA,2010,1267426.0,627378.0,6974.0,7298.0,88874.0,,,,
538,NORTH_DAKOTA,2011,1312226.0,660944.0,7028.0,7436.0,89410.0,245.156416,291.9984045,225.57752630000002,275.18316430000004
539,NORTH_DAKOTA,2012,1380563.0,685786.0,7380.0,7500.0,92533.0,,,,
540,NORTH_DAKOTA,2013,1516575.0,718970.0,7824.0,7352.0,95125.0,246.4247949,290.5151113,224.08338500000002,255.870077
541,NORTH_DAKOTA,2014,1597210.0,758669.0,7995.0,7652.0,97555.0,,,,
542,NORTH_DAKOTA,2015,1804762.0,825445.0,8435.0,7735.0,99715.0,244.7138306,288.2441472,224.6919844,263.2476586
543,NORTH_DAKOTA,2016,1963630.0,867650.0,,,,,,,
544,OHIO,2001,16282257.0,8001840.0,140849.0,141218.0,1697332.0,,,,
545,OHIO,2002,17608944.0,8477091.0,141120.0,144024.0,1703797.0,,,,
546,OHIO,2003,18760200.0,8958790.0,136776.0,147064.0,1711392.0,237.7820679,281.6072954,221.8657991,266.3136904
547,OHIO,2004,19375400.0,9406363.0,134442.0,147161.0,1705817.0,,,,
548,OHIO,2005,19785561.0,9700668.0,131691.0,144869.0,1703829.0,242.1059352,283.2517747,222.5332538,252.8690625
549,OHIO,2006,20589584.0,10048571.0,131258.0,144312.0,1702732.0,,,,
550,OHIO,2007,21336580.0,10202242.0,132634.0,139939.0,1696295.0,244.53273169999997,284.8516395,225.66698780000002,269.73458860000005
551,OHIO,2008,21951104.0,10494471.0,132680.0,137479.0,1686758.0,,,,
552,OHIO,2009,22427481.0,10734314.0,133751.0,134169.0,1633183.0,243.68755290000001,285.5830138,224.5321781,272.8026339
553,OHIO,2010,22701333.0,10976072.0,133202.0,133210.0,1624227.0,,,,
554,OHIO,2011,23010396.0,11074360.0,130406.0,134219.0,1608707.0,244.0386216,288.6025968,223.8282139,255.8616346
555,OHIO,2012,22662376.0,10861218.0,129295.0,133955.0,1598042.0,,,,
556,OHIO,2013,22015797.0,10800145.0,128668.0,135042.0,1593108.0,245.54979690000002,289.5280968,223.88774610000002,266.3460632
557,OHIO,2014,21847582.0,11350255.0,125215.0,134275.0,1595797.0,,,,
558,OHIO,2015,22561728.0,11620080.0,127995.0,131692.0,1592488.0,243.5985912,285.06195510000003,224.93041969999996,260.59455660000003
559,OHIO,2016,23352516.0,12247509.0,,,,,,,
560,OKLAHOMA,2001,4288405.0,2119420.0,47164.0,45745.0,575422.0,,,,
561,OKLAHOMA,2002,4467944.0,2193731.0,45662.0,46805.0,575501.0,,,,
562,OKLAHOMA,2003,4376502.0,2158574.0,44829.0,47258.0,575495.0,229.0966213,271.9051513,213.5793571,252.30991569999998
563,OKLAHOMA,2004,4400069.0,2141737.0,44372.0,47270.0,577722.0,,,,
564,OKLAHOMA,2005,4785987.0,2303527.0,44194.0,47812.0,582270.0,233.95532880000002,271.35990239999995,213.8614501,269.6512703
565,OKLAHOMA,2006,5094695.0,2437935.0,45369.0,46050.0,586051.0,,,,
566,OKLAHOMA,2007,5505213.0,2688963.0,46787.0,45831.0,589175.0,236.80219419999997,274.5349894,216.955654,270.1415503
567,OKLAHOMA,2008,5667749.0,2773416.0,47245.0,45149.0,592962.0,,,,
568,OKLAHOMA,2009,5941799.0,2836912.0,48457.0,45268.0,602081.0,236.7809856,275.7119568,217.1906276,254.12917369999997
569,OKLAHOMA,2010,5971651.0,2900568.0,48519.0,45737.0,605999.0,,,,
570,OKLAHOMA,2011,5644988.0,2866601.0,48690.0,47321.0,611091.0,237.42908230000003,279.1796082,215.4775857,265.69702830000006
571,OKLAHOMA,2012,5594867.0,2736786.0,49274.0,47856.0,616436.0,,,,
572,OKLAHOMA,2013,5796945.0,2800189.0,49603.0,48583.0,624979.0,238.9218775,275.506732,216.9888765,264.5409997
573,OKLAHOMA,2014,6026661.0,2833650.0,47577.0,48487.0,631594.0,,,,
574,OKLAHOMA,2015,6184819.0,3000894.0,50354.0,48858.0,637814.0,239.76048140000003,274.5859821,221.83051009999997,266.955323
575,OKLAHOMA,2016,6184152.0,3047217.0,,,,,,,
576,OREGON,2001,4715944.0,2435402.0,42726.0,42988.0,511036.0,,,,
577,OREGON,2002,4980466.0,2475697.0,41704.0,44156.0,513401.0,,,,
578,OREGON,2003,4978764.0,2458415.0,40903.0,44711.0,509634.0,236.3059056,280.8924709,217.6145353,270.734453
579,OREGON,2004,5393871.0,2498566.0,41298.0,44802.0,512477.0,,,,
580,OREGON,2005,5597579.0,2671228.0,42071.0,44046.0,511318.0,238.3249306,282.2373254,216.89998019999996,269.4232281
581,OREGON,2006,5386128.0,2834418.0,41754.0,43312.0,521971.0,,,,
582,OREGON,2007,5634955.0,2999104.0,42750.0,43018.0,524882.0,236.03965730000004,283.8262772,215.0173234,250.7531745
583,OREGON,2008,6407512.0,3217111.0,43272.0,43339.0,534837.0,,,,
584,OREGON,2009,6715011.0,3291310.0,43059.0,43261.0,542276.0,238.0323272,285.03681439999997,218.1423405,264.28805750000004
585,OREGON,2010,6398065.0,3246437.0,42924.0,42834.0,530064.0,,,,
586,OREGON,2011,6317635.0,3261190.0,42072.0,43653.0,526730.0,236.914497,282.5182068,216.4401544,262.9289563
587,OREGON,2012,6314092.0,3250376.0,42401.0,43578.0,544922.0,,,,
588,OREGON,2013,6228197.0,3261733.0,42858.0,43522.0,550272.0,240.099252,283.5245891,219.1326742,267.7791997
589,OREGON,2014,6453635.0,3437466.0,42942.0,43521.0,559673.0,,,,
590,OREGON,2015,7011609.0,3650855.0,44558.0,43067.0,,237.74670890000002,282.8148994,220.22272,265.87922030000004
591,OREGON,2016,7501954.0,3834741.0,,,,,,,
592,PENNSYLVANIA,2001,18666522.0,9182658.0,140722.0,146138.0,1696621.0,,,,
593,PENNSYLVANIA,2002,20018554.0,9673879.0,138365.0,147829.0,1693755.0,,,,
594,PENNSYLVANIA,2003,20626459.0,10151195.0,135765.0,150652.0,1696541.0,235.9470171,278.5377581,218.69842749999998,267.7869531
595,PENNSYLVANIA,2004,22054811.0,10695295.0,133418.0,151250.0,1697674.0,,,,
596,PENNSYLVANIA,2005,23183924.0,11284717.0,131236.0,148957.0,1699175.0,240.5729633,280.71383510000004,222.7719804,251.0333307
597,PENNSYLVANIA,2006,24195122.0,11675380.0,129546.0,146393.0,1739787.0,,,,
598,PENNSYLVANIA,2007,25627083.0,11994620.0,129837.0,143406.0,1677408.0,244.0012735,286.1668633,226.35365819999998,263.5457165
599,PENNSYLVANIA,2008,26597713.0,12375013.0,130592.0,139173.0,1646438.0,,,,
600,PENNSYLVANIA,2009,27328680.0,12803821.0,132213.0,137072.0,1654555.0,243.5878732,288.3041689,223.67943990000003,259.5284866
601,PENNSYLVANIA,2010,28231191.0,13442543.0,132497.0,135876.0,1662974.0,,,,
602,PENNSYLVANIA,2011,28810721.0,13761915.0,129845.0,135598.0,1639823.0,245.6549103,286.10274169999997,227.23646319999997,268.69421789999996
603,PENNSYLVANIA,2012,27851918.0,13450420.0,131315.0,136775.0,1630976.0,,,,
604,PENNSYLVANIA,2013,28495118.0,15456205.0,132216.0,137287.0,1625876.0,244.01262000000003,289.6236516,226.40232360000002,269.0869734
605,PENNSYLVANIA,2014,28620630.0,15352999.0,129927.0,135683.0,1615762.0,,,,
606,PENNSYLVANIA,2015,29690645.0,16058338.0,130671.0,131505.0,1596540.0,243.3122399,283.66841539999996,226.6707741,262.6731459
607,PENNSYLVANIA,2016,30925177.0,16717308.0,,,,,,,
608,RHODE_ISLAND,2001,1504125.0,920848.0,12717.0,12458.0,147342.0,,,,
609,RHODE_ISLAND,2002,1600087.0,964169.0,12407.0,12805.0,148516.0,,,,
610,RHODE_ISLAND,2003,1646238.0,971700.0,12429.0,13018.0,148673.0,230.297962,271.9986944,216.49401519999998,251.599156
611,RHODE_ISLAND,2004,1745707.0,1034632.0,11731.0,12783.0,147674.0,,,,
612,RHODE_ISLAND,2005,1790591.0,1023496.0,11484.0,12470.0,143842.0,233.43677230000003,272.34501810000006,216.4398673,265.13856180000005
613,RHODE_ISLAND,2006,1983578.0,1120778.0,11135.0,12194.0,141381.0,,,,
614,RHODE_ISLAND,2007,2082332.0,1177636.0,11028.0,12098.0,137789.0,235.8779358,275.38699049999997,218.76144490000001,259.1367031
615,RHODE_ISLAND,2008,2175172.0,1229747.0,9752.0,11422.0,135437.0,,,,
616,RHODE_ISLAND,2009,2171376.0,1224158.0,10188.0,11275.0,134864.0,238.7668591,277.9237194,222.7048852,269.23998489999997
617,RHODE_ISLAND,2010,2187163.0,1238257.0,10865.0,10954.0,133736.0,,,,
618,RHODE_ISLAND,2011,2198940.0,1260021.0,10827.0,11146.0,132690.0,241.6247747,282.87565960000006,222.4815969,268.2839492
619,RHODE_ISLAND,2012,2190431.0,1272285.0,10831.0,9971.0,131695.0,,,,
620,RHODE_ISLAND,2013,2231413.0,1265936.0,11037.0,10293.0,131518.0,241.4167352,284.0922122,222.8022398,261.93149520000003
621,RHODE_ISLAND,2014,2258076.0,1277445.0,10720.0,10899.0,132074.0,,,,
622,RHODE_ISLAND,2015,2326473.0,1322055.0,10900.0,10945.0,132117.0,238.00172969999997,281.44521960000003,225.4855367,267.67051969999994
623,RHODE_ISLAND,2016,2358654.0,1340088.0,,,,,,,
624,SOUTH_CAROLINA,2001,5492539.0,2660503.0,53831.0,53043.0,630143.0,,,,
625,SOUTH_CAROLINA,2002,5897462.0,2832106.0,54242.0,56201.0,645071.0,,,,
626,SOUTH_CAROLINA,2003,6024747.0,2888468.0,52715.0,53384.0,648213.0,235.79322349999998,277.30044960000004,214.8077245,265.3297945
627,SOUTH_CAROLINA,2004,6138231.0,2971895.0,51999.0,56641.0,651409.0,,,,
628,SOUTH_CAROLINA,2005,6572191.0,3134658.0,50408.0,55701.0,648739.0,238.3026753,281.2343211,213.20350719999996,258.1601855
629,SOUTH_CAROLINA,2006,7148083.0,3310899.0,51217.0,55222.0,654867.0,,,,
630,SOUTH_CAROLINA,2007,7660995.0,3481608.0,52715.0,54067.0,660003.0,237.1074115,281.5036015,213.83652719999998,268.0176705
631,SOUTH_CAROLINA,2008,8167262.0,3745507.0,53996.0,53446.0,665645.0,,,,
632,SOUTH_CAROLINA,2009,8427391.0,3854229.0,55671.0,52711.0,669528.0,235.66830249999998,280.3808554,215.94229819999998,268.67823549999997
633,SOUTH_CAROLINA,2010,8242553.0,3797945.0,55636.0,52904.0,671214.0,,,,
634,SOUTH_CAROLINA,2011,7961448.0,3689782.0,54157.0,54243.0,671121.0,237.303025,281.0001337,214.8998089,260.12126459999996
635,SOUTH_CAROLINA,2012,7948441.0,3749691.0,54058.0,55365.0,677357.0,,,,
636,SOUTH_CAROLINA,2013,8224795.0,3933177.0,54672.0,56762.0,687431.0,236.6258997,279.82460860000003,213.6465439,268.2826627
637,SOUTH_CAROLINA,2014,8452743.0,4035914.0,55741.0,57025.0,698241.0,,,,
638,SOUTH_CAROLINA,2015,8783362.0,4123140.0,57740.0,56150.0,708144.0,237.08957149999998,275.8278662,217.96967650000002,268.7461208
639,SOUTH_CAROLINA,2016,9187299.0,4274682.0,,,,,,,
640,SOUTH_DAKOTA,2001,950595.0,471683.0,9641.0,9997.0,118194.0,,,,
641,SOUTH_DAKOTA,2002,981977.0,485846.0,9519.0,10051.0,118927.0,,,,
642,SOUTH_DAKOTA,2003,993823.0,499480.0,9140.0,10082.0,116336.0,237.26482059999998,284.88173639999997,222.2731786,261.71164480000004
643,SOUTH_DAKOTA,2004,1012096.0,521961.0,8862.0,9715.0,113541.0,,,,
644,SOUTH_DAKOTA,2005,1059303.0,539413.0,8883.0,9576.0,112542.0,241.5941861,287.30361800000003,222.3986921,270.24375580000003
645,SOUTH_DAKOTA,2006,1052315.0,552199.0,8866.0,9510.0,111544.0,,,,
646,SOUTH_DAKOTA,2007,1096568.0,573916.0,8935.0,9248.0,111918.0,241.2134286,288.4639253,223.3985267,267.9789794
647,SOUTH_DAKOTA,2008,1172715.0,609848.0,9234.0,9446.0,116114.0,,,,
648,SOUTH_DAKOTA,2009,1273527.0,645912.0,9245.0,9251.0,113153.0,242.09778980000002,290.6191277,222.16659280000002,259.495771
649,SOUTH_DAKOTA,2010,1281632.0,660064.0,9140.0,9275.0,115079.0,,,,
650,SOUTH_DAKOTA,2011,1350617.0,661519.0,9364.0,9139.0,116641.0,240.97979229999999,290.61519680000004,219.8144463,264.2256116
651,SOUTH_DAKOTA,2012,1296971.0,649023.0,9657.0,9408.0,118570.0,,,,
652,SOUTH_DAKOTA,2013,1332496.0,663258.0,9842.0,9531.0,118992.0,240.9810997,287.27039060000004,217.9307449,272.0853653
653,SOUTH_DAKOTA,2014,1355439.0,696235.0,10366.0,9441.0,121272.0,,,,
654,SOUTH_DAKOTA,2015,1464781.0,709363.0,10460.0,9549.0,122701.0,239.7230949,284.6414057,220.46952459999997,265.0508578
655,SOUTH_DAKOTA,2016,1475864.0,730176.0,,,,,,,
656,TENNESSEE,2001,6165661.0,3282993.0,72714.0,68184.0,839937.0,,,,
657,TENNESSEE,2002,6363357.0,3478604.0,71300.0,70650.0,842008.0,,,,
658,TENNESSEE,2003,6482671.0,3621601.0,70446.0,72505.0,851286.0,227.75504469999996,268.17572859999996,211.9475411,269.7303543
659,TENNESSEE,2004,6738601.0,3843346.0,70555.0,73233.0,851848.0,,,,
660,TENNESSEE,2005,7067521.0,4120045.0,69773.0,72949.0,863122.0,231.68807969999997,270.52457680000003,214.2212693,266.7672812
661,TENNESSEE,2006,7395357.0,4248091.0,71857.0,72892.0,886214.0,,,,
662,TENNESSEE,2007,7817659.0,4473035.0,72454.0,70745.0,876487.0,232.75371009999998,273.97878660000003,215.74926859999997,259.5472252
663,TENNESSEE,2008,8488521.0,4709467.0,75091.0,72255.0,895794.0,,,,
664,TENNESSEE,2009,8611178.0,4809809.0,75052.0,71050.0,895804.0,231.82548619999997,274.7618211,216.73781110000002,265.0892467
665,TENNESSEE,2010,8760367.0,4934044.0,75481.0,71475.0,910780.0,,,,
666,TENNESSEE,2011,8961443.0,4947165.0,75146.0,73725.0,919890.0,232.901117,274.0387103,214.64021490000002,267.75059669999996
667,TENNESSEE,2012,9256522.0,5151260.0,74425.0,74459.0,912310.0,,,,
668,TENNESSEE,2013,9248235.0,5191269.0,74401.0,74909.0,914955.0,239.774787,277.7201273,219.73539469999997,266.67705240000004
669,TENNESSEE,2014,9432883.0,5296570.0,75248.0,74883.0,920515.0,,,,
670,TENNESSEE,2015,9562527.0,5343272.0,76904.0,73899.0,926995.0,240.6673957,278.2033807,218.6132644,260.3314228
671,TENNESSEE,2016,9680512.0,5401812.0,,,,,,,
672,TEXAS,2001,33201450.0,15916451.0,318842.0,310762.0,3860588.0,,,,
673,TEXAS,2002,35668486.0,16826484.0,321612.0,316800.0,3944533.0,,,,
674,TEXAS,2003,37333674.0,18009879.0,321788.0,324381.0,4008249.0,237.30592180000002,277.05264900000003,214.80800559999997,266.56610589999997
675,TEXAS,2004,38150452.0,18291531.0,324389.0,329214.0,4071281.0,,,,
676,TEXAS,2005,40302144.0,18950703.0,329969.0,335824.0,4175270.0,241.9909163,281.102845,218.73382400000003,259.63136000000003
677,TEXAS,2006,43394244.0,20299749.0,340488.0,338449.0,4246529.0,,,,
678,TEXAS,2007,45920825.0,21061312.0,346491.0,332671.0,4318126.0,242.3397599,285.87070839999996,219.6043131,265.7102102
679,TEXAS,2008,50205827.0,22845539.0,355578.0,343548.0,4389830.0,,,,
680,TEXAS,2009,53575273.0,23895853.0,368175.0,346524.0,4480777.0,240.46462369999998,286.6850767,218.8582724,270.7005367
681,TEXAS,2010,53810244.0,25097921.0,374111.0,354314.0,4561520.0,,,,
682,TEXAS,2011,52691826.0,25155007.0,375756.0,360279.0,4621024.0,241.1017937,290.34670939999995,218.3208446,265.1195563
683,TEXAS,2012,50215314.0,23902458.0,378750.0,366857.0,4687023.0,,,,
684,TEXAS,2013,50674724.0,24226519.0,383586.0,379786.0,4761971.0,241.92628870000001,288.19896760000006,216.90959709999998,261.4490507
685,TEXAS,2014,53096761.0,25364709.0,390570.0,388428.0,4843213.0,,,,
686,TEXAS,2015,56255791.0,26745844.0,397085.0,386627.0,4924653.0,244.002472,283.7935403,217.94291299999998,267.079865
687,TEXAS,2016,59314884.0,27862199.0,,,,,,,
688,UTAH,2001,2669621.0,1438459.0,36411.0,35786.0,437016.0,,,,
689,UTAH,2002,2924051.0,1534954.0,35481.0,35547.0,439845.0,,,,
690,UTAH,2003,2957874.0,1508566.0,36064.0,36386.0,444537.0,234.7829509,280.64536969999995,219.2703384,261.719961
691,UTAH,2004,3066684.0,1552853.0,37888.0,37674.0,462519.0,,,,
692,UTAH,2005,3188018.0,1632553.0,38635.0,38463.0,466123.0,238.7974238,279.15612339999996,221.31092709999996,263.15689080000004
693,UTAH,2006,3371338.0,1709307.0,40477.0,37743.0,479868.0,,,,
694,UTAH,2007,3618540.0,1816456.0,44748.0,41114.0,528653.0,239.4049889,281.0874737,221.2614281,267.66563019999995
695,UTAH,2008,4337917.0,2068264.0,44546.0,40261.0,512732.0,,,,
696,UTAH,2009,4419750.0,2169434.0,45610.0,40997.0,523902.0,240.31871260000003,284.0682519,219.20413019999998,259.88558969999997
697,UTAH,2010,4326951.0,2117551.0,46127.0,42227.0,537509.0,,,,
698,UTAH,2011,4195916.0,2157337.0,46758.0,43971.0,549879.0,242.5375131,283.30833210000003,220.41603450000002,260.3070199
699,UTAH,2012,4330417.0,2161779.0,48362.0,45387.0,562901.0,,,,
700,UTAH,2013,4584624.0,2361179.0,49041.0,46409.0,575075.0,242.8206887,284.3314862,222.7676355,268.1007728
701,UTAH,2014,4385896.0,2336613.0,49173.0,46969.0,586736.0,,,,
702,UTAH,2015,4537962.0,2367650.0,50918.0,47904.0,599577.0,242.56278709999998,286.11691119999995,226.1430749,264.771229
703,UTAH,2016,4923657.0,2591600.0,,,,,,,
704,VERMONT,2001,1306513.0,595191.0,7468.0,7972.0,94797.0,,,,
705,VERMONT,2002,1392880.0,628188.0,7179.0,8077.0,93499.0,,,,
706,VERMONT,2003,1440961.0,662999.0,7049.0,8098.0,92745.0,241.92607239999998,285.6455722,226.1217466,264.0255699
707,VERMONT,2004,1550157.0,700068.0,6807.0,7846.0,91881.0,,,,
708,VERMONT,2005,1634534.0,739981.0,6549.0,7559.0,90449.0,243.5288554,287.35648760000004,226.886251,266.8219111
709,VERMONT,2006,1711762.0,763591.0,6521.0,7186.0,89201.0,,,,
710,VERMONT,2007,1804519.0,800453.0,6490.0,7039.0,87877.0,246.35740499999997,291.0107738,228.24853819999998,258.32111769999995
711,VERMONT,2008,1888133.0,831132.0,6471.0,7004.0,87433.0,,,,
712,VERMONT,2009,1661019.0,859433.0,6237.0,6647.0,85235.0,247.7672261,292.86609639999995,228.73578360000002,257.2741846
713,VERMONT,2010,1719870.0,890606.0,6291.0,6757.0,90599.0,,,,
714,VERMONT,2011,1722515.0,888388.0,6158.0,6646.0,83846.0,246.63972990000002,293.8825771,226.77164269999997,268.9415376
715,VERMONT,2012,1726321.0,904254.0,6133.0,6541.0,83351.0,,,,
716,VERMONT,2013,1809138.0,935593.0,6159.0,6332.0,82475.0,247.80329469999998,295.4695624,227.9865191,265.35950460000004
717,VERMONT,2014,1876197.0,955495.0,6211.0,6268.0,81543.0,,,,
718,VERMONT,2015,1969415.0,983532.0,5975.0,6173.0,82003.0,243.2503992,290.3551912,230.09861659999999,260.65513599999997
719,VERMONT,2016,2082696.0,1013209.0,,,,,,,
720,VIRGINIA,2001,9862715.0,5142049.0,91966.0,88184.0,1078339.0,,,,
721,VIRGINIA,2002,10209197.0,5373701.0,91186.0,92641.0,1092903.0,,,,
722,VIRGINIA,2003,10746679.0,5661291.0,90729.0,95586.0,1105346.0,239.20308909999997,281.6766434,223.34035919999997,264.2673651
723,VIRGINIA,2004,11404055.0,6006830.0,89742.0,96540.0,1117516.0,,,,
724,VIRGINIA,2005,12385157.0,6565022.0,88883.0,95716.0,1124189.0,240.4975682,284.3716282,225.81371069999997,260.9683268
725,VIRGINIA,2006,13481336.0,7024659.0,88527.0,95083.0,1130796.0,,,,
726,VIRGINIA,2007,14700853.0,7630837.0,90397.0,93896.0,1141201.0,243.52112979999998,287.625905,227.1367249,257.4212028
727,VIRGINIA,2008,15236306.0,8003167.0,32782.333333333336,32743.0,407254.3333333333,,,,
728,VIRGINIA,2009,15510318.0,8194237.0,93708.0,92075.0,1153059.0,243.0712969,286.069755,226.52756800000003,270.0609902
729,VIRGINIA,2010,14919831.0,8049137.0,93965.0,91877.0,1158541.0,,,,
730,VIRGINIA,2011,14675815.0,7861076.0,93770.0,93361.0,1162309.0,245.3336181,289.25541119999997,226.3784347,259.2083707
731,VIRGINIA,2012,15129464.0,8123166.0,94005.0,93787.0,1168484.0,,,,
732,VIRGINIA,2013,15634918.0,8445746.0,95625.0,95778.0,1177767.0,246.1774569,288.1429595,228.55573769999998,263.6841377
733,VIRGINIA,2014,15690444.0,8464947.0,95200.0,95558.0,1186528.0,,,,
734,VIRGINIA,2015,16113212.0,8755896.0,96851.0,95221.0,1192648.0,246.61262169999998,287.7092987,228.97125499999999,269.43066469999997
735,VIRGINIA,2016,16497520.0,8944614.0,,,,,,,
736,WASHINGTON,2001,8026334.0,3984476.0,78504.0,77933.0,940920.0,,,,
737,WASHINGTON,2002,8362656.0,4182265.0,77053.0,79857.0,945331.0,,,,
738,WASHINGTON,2003,8802387.0,4332487.0,75108.0,82274.0,950686.0,238.2928395,281.1513644,221.09669509999998,260.8795721
739,WASHINGTON,2004,9009980.0,4446860.0,75151.0,80918.0,948786.0,,,,
740,WASHINGTON,2005,9399603.0,4629347.0,74401.0,81440.0,959341.0,241.6846745,285.0522297,223.48639790000001,257.1691046
741,WASHINGTON,2006,9915617.0,4826779.0,75695.0,80022.0,954166.0,,,,
742,WASHINGTON,2007,10682397.0,5148806.0,76673.0,78219.0,958082.0,242.54223199999998,284.8628043,223.99933680000004,269.5967634
743,WASHINGTON,2008,11677666.0,5561706.0,77999.0,78902.0,963187.0,,,,
744,WASHINGTON,2009,12240632.0,5984072.0,78270.0,77206.0,960800.0,242.2570912,288.7223756,221.33011040000002,260.9466762
745,WASHINGTON,2010,11820814.0,5934710.0,78546.0,78448.0,967855.0,,,,
746,WASHINGTON,2011,11928408.0,6007184.0,77051.0,78891.0,967439.0,243.18288470000002,288.1077619,220.528788,261.4283909
747,WASHINGTON,2012,12187889.0,5866729.0,78244.0,79272.0,970905.0,,,,
748,WASHINGTON,2013,12097549.0,5911337.0,78929.0,79953.0,977377.0,246.2883381,289.9569887,225.0488633,270.0419258
749,WASHINGTON,2014,12806300.0,6267816.0,79721.0,80391.0,992426.0,,,,
750,WASHINGTON,2015,13630138.0,6508964.0,82404.0,79483.0,1007338.0,244.9814222,286.5131076,225.8928891,273.9618314
751,WASHINGTON,2016,15253296.0,7087365.0,,,,,,,
752,WEST_VIRGINIA,2001,2310098.0,1306105.0,21561.0,21650.0,262131.0,,,,
753,WEST_VIRGINIA,2002,2427316.0,1346601.0,21041.0,21943.0,261628.0,,,,
754,WEST_VIRGINIA,2003,2524444.0,1420396.0,20753.0,22255.0,260260.0,230.76774849999998,270.7703534,219.1795245,258.0889914
755,WEST_VIRGINIA,2004,2603996.0,1458141.0,20670.0,22582.0,259186.0,,,,
756,WEST_VIRGINIA,2005,2698703.0,1524187.0,19999.0,22147.0,259237.0,230.8432679,269.0994928,214.76706639999998,268.5404356
757,WEST_VIRGINIA,2006,2852607.0,1569685.0,19935.0,21541.0,257631.0,,,,
758,WEST_VIRGINIA,2007,2983267.0,1608247.0,20217.0,21330.0,261235.0,236.3378058,270.0840936,215.1305555,259.1619549
759,WEST_VIRGINIA,2008,3068910.0,1667812.0,20162.0,21268.0,261810.0,,,,
760,WEST_VIRGINIA,2009,3121728.0,1759397.0,20790.0,20516.0,261208.0,232.98314449999998,270.4157659,214.52020019999998,260.36879500000003
761,WEST_VIRGINIA,2010,3484593.0,1978226.0,20493.0,20455.0,261623.0,,,,
762,WEST_VIRGINIA,2011,3670119.0,2010407.0,20748.0,20778.0,261698.0,234.6558068,273.2631731,214.3860242,267.08740609999995
763,WEST_VIRGINIA,2012,3536971.0,1893954.0,20181.0,20521.0,261259.0,,,,
764,WEST_VIRGINIA,2013,3488877.0,1828234.0,20418.0,20634.0,259417.0,237.4406327,274.4301347,214.66340130000003,274.3685477
765,WEST_VIRGINIA,2014,3499873.0,1823665.0,20196.0,20501.0,259450.0,,,,
766,WEST_VIRGINIA,2015,3466981.0,1819903.0,19814.0,20426.0,257289.0,235.20466150000001,271.4507088,216.25328790000003,266.8360535
767,WEST_VIRGINIA,2016,3366566.0,1804235.0,,,,,,,
768,WISCONSIN,2001,8574804.0,4434212.0,63509.0,66558.0,821892.0,,,,
769,WISCONSIN,2002,8863966.0,4642886.0,62436.0,67751.0,823561.0,,,,
770,WISCONSIN,2003,9128279.0,4844788.0,61744.0,68663.0,820659.0,236.755414,283.9158657,220.8334276,269.9710586
771,WISCONSIN,2004,9126345.0,4936038.0,59267.0,67168.0,806033.0,,,,
772,WISCONSIN,2005,9433502.0,5128207.0,59984.0,66985.0,814792.0,240.56858190000003,284.54155660000004,221.1642265,259.0723418
773,WISCONSIN,2006,9779642.0,5290595.0,59356.0,65606.0,816292.0,,,,
774,WISCONSIN,2007,9988878.0,5459295.0,59995.0,64135.0,815043.0,244.1812142,285.61794249999997,223.31800980000003,260.81291919999995
775,WISCONSIN,2008,10545964.0,5619617.0,60319.0,62317.0,813366.0,,,,
776,WISCONSIN,2009,10880480.0,5857285.0,61242.0,61748.0,811342.0,243.58525350000002,288.1407262,220.13554059999998,265.5915771
777,WISCONSIN,2010,11116821.0,5994721.0,61015.0,61337.0,811565.0,,,,
778,WISCONSIN,2011,11440718.0,6138402.0,60094.0,61413.0,810230.0,244.69186549999998,288.6659327,221.23990690000002,273.840765
779,WISCONSIN,2012,10724377.0,5631108.0,60670.0,61857.0,810014.0,,,,
780,WISCONSIN,2013,10845059.0,5637545.0,61393.0,62721.0,812892.0,244.7062916,288.74578080000003,220.8181034,267.5898643
781,WISCONSIN,2014,11255186.0,5685955.0,60795.0,62034.0,811008.0,,,,
782,WISCONSIN,2015,11553677.0,5723474.0,60999.0,61084.0,809722.0,243.3102113,289.0777492,223.3563555,267.2508807
783,WISCONSIN,2016,11787535.0,5760418.0,,,,,,,
784,WYOMING,2001,787949.0,426072.0,6587.0,7211.0,,,,,
785,WYOMING,2002,868607.0,463839.0,6406.0,6994.0,81963.0,,,,
786,WYOMING,2003,915515.0,473447.0,6174.0,7173.0,81238.0,241.0857006,283.5033499,222.0751664,258.10836459999996
787,WYOMING,2004,953916.0,483989.0,5862.0,6985.0,78469.0,,,,
788,WYOMING,2005,1033603.0,510498.0,6111.0,6819.0,78028.0,242.95591380000002,282.10060960000004,223.262146,258.191598
789,WYOMING,2006,1146527.0,571127.0,6191.0,6697.0,78618.0,,,,
790,WYOMING,2007,1390344.0,661713.0,6493.0,6711.0,79531.0,243.8669151,286.9877715,225.2894833,262.2280247
791,WYOMING,2008,1517325.0,703831.0,6608.0,6456.0,79946.0,,,,
792,WYOMING,2009,1658156.0,744877.0,6683.0,6606.0,80749.0,242.0091957,286.104034,222.65219629999999,272.3051342
793,WYOMING,2010,1696177.0,787627.0,6694.0,6657.0,81398.0,,,,
794,WYOMING,2011,1656850.0,825783.0,6790.0,6796.0,82226.0,243.874435,287.767926,224.0622781,267.2728912
795,WYOMING,2012,1670728.0,845801.0,7127.0,6874.0,83402.0,,,,
796,WYOMING,2013,1675477.0,846872.0,7086.0,6867.0,84591.0,246.5224009,288.11913730000003,225.848975,272.0361244
797,WYOMING,2014,1775999.0,865932.0,7438.0,6927.0,86070.0,,,,
798,WYOMING,2015,1942406.0,895910.0,7551.0,6902.0,86876.0,246.7597645,286.66654710000006,228.1608028,260.18527259999996
799,WYOMING,2016,2034229.0,921494.0,,,,,,,
