,STATE,YEAR,PRISONER_COUNT,STATE_POPULATION,VIOLENT_CRIME_TOTAL,PROPERTY_CRIME_TOTAL
1,ALABAMA,2001,24741,4468912.0,19582.0,173253.0
2,ALASKA,2001,4570,633630.0,3735.0,23160.0
3,ARIZONA,2001,27710,5306966.0,28675.0,293874.0
4,ARKANSAS,2001,11489,2694698.0,12190.0,99106.0
5,CALIFORNIA,2001,157142,34600463.0,212867.0,1134189.0
6,COLORADO,2001,17278,4430989.0,15492.0,170887.0
7,CONNECTICUT,2001,17507,3434602.0,11492.0,95299.0
8,DELAWARE,2001,6841,796599.0,4868.0,27399.0
9,FLORIDA,2001,72404,16373330.0,130713.0,782517.0
10,GEORGIA,2001,45937,8405677.0,41671.0,347872.0
11,HAWAII,2001,5116,1227024.0,3117.0,62830.0
12,IDAHO,2001,5270,1320585.0,3211.0,38181.0
13,ILLINOIS,2001,44348,12520227.0,79270.0,434648.0
14,INDIANA,2001,19646,6126743.0,22734.0,211548.0
15,IOWA,2001,7962,2931967.0,7865.0,88634.0
16,KANSAS,2001,8574,2702125.0,10909.0,105537.0
17,KENTUCKY,2001,10720,4068816.0,10510.0,107356.0
18,LOUISIANA,2001,19660,4470368.0,30678.0,207693.0
19,MAINE,2001,1675,1284470.0,1435.0,33154.0
20,MARYLAND,2001,23739,5386079.0,42088.0,219512.0
21,MASSACHUSETTS,2001,10203,6401164.0,30585.0,167079.0
22,MICHIGAN,2001,48849,10006266.0,55424.0,352353.0
23,MINNESOTA,2001,6406,4984535.0,13145.0,165046.0
24,MISSISSIPPI,2001,15131,2859733.0,10006.0,109609.0
25,MISSOURI,2001,28575,5637309.0,30472.0,238411.0
26,MONTANA,2001,2795,905382.0,3187.0,30175.0
27,NEBRASKA,2001,3915,1720039.0,5214.0,68963.0
28,NEVADA,2001,9862,2097722.0,12359.0,77486.0
29,NEW HAMPSHIRE,2001,2419,1259359.0,2144.0,27089.0
30,NEW JERSEY,2001,26052,8511116.0,33094.0,240551.0
31,NEW MEXICO,2001,5668,1830935.0,14288.0,83095.0
32,NEW YORK,2001,67554,19084350.0,98022.0,458003.0
33,NORTH CAROLINA,2001,32203,8206105.0,40465.0,363777.0
34,NORTH DAKOTA,2001,1088,636550.0,505.0,14834.0
35,OHIO,2001,44868,11389785.0,40023.0,435115.0
36,OKLAHOMA,2001,21719,3469577.0,17726.0,141679.0
37,OREGON,2001,10950,3473441.0,10650.0,164524.0
38,PENNSYLVANIA,2001,37641,12303104.0,50432.0,313408.0
39,RHODE ISLAND,2001,3364,1059659.0,3278.0,35742.0
40,SOUTH CAROLINA,2001,21719,4062125.0,33114.0,186054.0
41,SOUTH DAKOTA,2001,2799,758324.0,1171.0,16473.0
42,TENNESSEE,2001,17466,5749398.0,42776.0,252992.0
43,TEXAS,2001,148480,21370983.0,122155.0,976654.0
44,UTAH,2001,4145,2278712.0,5314.0,90993.0
45,VERMONT,2001,1400,612978.0,644.0,16334.0
46,VIRGINIA,2001,31472,7196750.0,20939.0,207506.0
47,WASHINGTON,2001,15226,5993390.0,21258.0,287234.0
48,WEST VIRGINIA,2001,3403,1800975.0,5035.0,41085.0
49,WISCONSIN,2001,20766,5405947.0,12486.0,166924.0
50,WYOMING,2001,1487,493754.0,1272.0,16120.0
52,ALABAMA,2002,25100,4478896.0,19931.0,180400.0
53,ALASKA,2002,4351,641482.0,3627.0,24118.0
54,ARIZONA,2002,29359,5441125.0,30171.0,318296.0
55,ARKANSAS,2002,11849,2706268.0,11501.0,101171.0
56,CALIFORNIA,2002,159695,35001986.0,208388.0,1176484.0
57,COLORADO,2002,18636,4501051.0,15882.0,180054.0
58,CONNECTICUT,2002,18716,3458587.0,10807.0,93426.0
59,DELAWARE,2002,6637,805945.0,4836.0,26967.0
60,FLORIDA,2002,75210,16691701.0,128721.0,777236.0
61,GEORGIA,2002,47445,8544005.0,39271.0,346559.0
62,HAWAII,2002,5069,1240663.0,3262.0,71976.0
63,IDAHO,2002,5451,1343124.0,3419.0,39128.0
64,ILLINOIS,2002,42693,12586447.0,75759.0,430479.0
65,INDIANA,2002,20349,6156913.0,22001.0,208965.0
66,IOWA,2002,8398,2935840.0,8388.0,92877.0
67,KANSAS,2002,8967,2711769.0,10229.0,100768.0
68,KENTUCKY,2002,11583,4089822.0,11101.0,108590.0
69,LOUISIANA,2002,20010,4476192.0,29690.0,198838.0
70,MAINE,2002,1855,1294894.0,1396.0,32985.0
71,MARYLAND,2002,24114,5450525.0,42015.0,217105.0
72,MASSACHUSETTS,2002,9879,6421800.0,31137.0,167753.0
73,MICHIGAN,2002,50591,10043221.0,54306.0,335060.0
74,MINNESOTA,2002,6855,5024791.0,13428.0,164026.0
75,MISSISSIPPI,2002,15355,2866733.0,9858.0,109584.0
76,MISSOURI,2002,29795,5669544.0,30557.0,230520.0
77,MONTANA,2002,2870,910372.0,3197.0,28751.0
78,NEBRASKA,2002,4048,1727564.0,5428.0,68178.0
79,NEVADA,2002,10101,2167455.0,13856.0,83896.0
80,NEW HAMPSHIRE,2002,2475,1274405.0,2056.0,26250.0
81,NEW JERSEY,2002,26301,8575252.0,32252.0,227715.0
82,NEW MEXICO,2002,5991,1852044.0,13719.0,80477.0
83,NEW YORK,2002,66925,19134293.0,95030.0,442091.0
84,NORTH CAROLINA,2002,32918,8305820.0,39118.0,353708.0
85,NORTH DAKOTA,2002,1117,633911.0,496.0,14762.0
86,OHIO,2002,45284,11408699.0,40128.0,428976.0
87,OKLAHOMA,2002,21996,3489700.0,17587.0,148128.0
88,OREGON,2002,11650,3520355.0,10298.0,161145.0
89,PENNSYLVANIA,2002,39724,12328827.0,49578.0,300868.0
90,RHODE ISLAND,2002,3473,1068326.0,3051.0,35342.0
91,SOUTH CAROLINA,2002,22896,4103770.0,33761.0,183808.0
92,SOUTH DAKOTA,2002,2943,760437.0,1350.0,15992.0
93,TENNESSEE,2002,18297,5789796.0,41562.0,249399.0
94,TEXAS,2002,152446,21736925.0,126018.0,1004274.0
95,UTAH,2002,4285,2318789.0,5488.0,97641.0
96,VERMONT,2002,1361,616408.0,658.0,14942.0
97,VIRGINIA,2002,30937,7287829.0,21256.0,207783.0
98,WASHINGTON,2002,16263,6067060.0,20964.0,288967.0
99,WEST VIRGINIA,2002,3575,1804884.0,4221.0,41099.0
100,WISCONSIN,2002,21666,5439692.0,12238.0,164749.0
101,WYOMING,2002,1641,498830.0,1364.0,16494.0
103,ALABAMA,2003,27614,4503726.0,19331.0,182241.0
104,ALASKA,2003,4472,648280.0,3877.0,24386.0
105,ARIZONA,2003,31084,5579222.0,28638.0,314335.0
106,ARKANSAS,2003,12068,2727774.0,12449.0,99084.0
107,CALIFORNIA,2003,161785,35462712.0,205551.0,1215086.0
108,COLORADO,2003,19450,4547633.0,15757.0,179706.0
109,CONNECTICUT,2003,18023,3486960.0,11045.0,92981.0
110,DELAWARE,2003,6630,818166.0,5525.0,27943.0
111,FLORIDA,2003,79594,16999181.0,124280.0,757696.0
112,GEORGIA,2003,47208,8676460.0,39435.0,369589.0
113,HAWAII,2003,5499,1248755.0,3400.0,65867.0
114,IDAHO,2003,5558,1367034.0,3362.0,40042.0
115,ILLINOIS,2003,43418,12649087.0,70376.0,415885.0
116,INDIANA,2003,21345,6199571.0,21842.0,208039.0
117,IOWA,2003,8546,2941976.0,8175.0,87554.0
118,KANSAS,2003,9168,2724786.0,10831.0,109276.0
119,KENTUCKY,2003,11660,4118189.0,10232.0,103370.0
120,LOUISIANA,2003,19498,4493665.0,28622.0,193698.0
121,MAINE,2003,1974,1309205.0,1422.0,32078.0
122,MARYLAND,2003,23768,5512310.0,38778.0,209418.0
123,MASSACHUSETTS,2003,9828,6420357.0,30377.0,164543.0
124,MICHIGAN,2003,49358,10082364.0,51550.0,330565.0
125,MINNESOTA,2003,7569,5064172.0,13316.0,157663.0
126,MISSISSIPPI,2003,15863,2882594.0,9336.0,106867.0
127,MISSOURI,2003,29864,5719204.0,28067.0,233564.0
128,MONTANA,2003,3053,918157.0,3351.0,28428.0
129,NEBRASKA,2003,4073,1737475.0,5105.0,65189.0
130,NEVADA,2003,10584,2242207.0,13813.0,96128.0
131,NEW HAMPSHIRE,2003,2427,1288705.0,1937.0,26456.0
132,NEW JERSEY,2003,25718,8642412.0,31488.0,220350.0
133,NEW MEXICO,2003,6223,1878562.0,12535.0,76816.0
134,NEW YORK,2003,65388,19212425.0,89486.0,432079.0
135,NORTH CAROLINA,2003,33874,8421190.0,38243.0,359660.0
136,NORTH DAKOTA,2003,1100,633400.0,508.0,13364.0
137,OHIO,2003,44350,11437680.0,38185.0,417483.0
138,OKLAHOMA,2003,22688,3506469.0,17758.0,151208.0
139,OREGON,2003,12207,3564330.0,10506.0,169863.0
140,PENNSYLVANIA,2003,40879,12370761.0,49210.0,300639.0
141,RHODE ISLAND,2003,3576,1076084.0,3074.0,32231.0
142,SOUTH CAROLINA,2003,22942,4148744.0,33455.0,187592.0
143,SOUTH DAKOTA,2003,3019,764905.0,1329.0,15324.0
144,TENNESSEE,2003,19141,5845208.0,40409.0,256565.0
145,TEXAS,2003,153056,22103374.0,122246.0,1016735.0
146,UTAH,2003,4623,2352119.0,5889.0,100084.0
147,VERMONT,2003,1491,619343.0,707.0,13803.0
148,VIRGINIA,2003,30915,7365284.0,20490.0,200449.0
149,WASHINGTON,2003,16227,6131298.0,21272.0,291542.0
150,WEST VIRGINIA,2003,3790,1811440.0,4627.0,42370.0
151,WISCONSIN,2003,22153,5474290.0,12104.0,157684.0
152,WYOMING,2003,1630,502111.0,1314.0,16648.0
154,ALABAMA,2004,25635,4525375.0,19324.0,182340.0
155,ALASKA,2004,4534,657755.0,4159.0,22172.0
156,ARIZONA,2004,32384,5739879.0,28952.0,291203.0
157,ARKANSAS,2004,12577,2750000.0,13814.0,110911.0
158,CALIFORNIA,2004,163939,35842038.0,189175.0,1227194.0
159,COLORADO,2004,19655,4601821.0,17121.0,180322.0
160,CONNECTICUT,2004,17993,3498966.0,10113.0,93942.0
161,DELAWARE,2004,6753,830069.0,5105.0,27256.0
162,FLORIDA,2004,83165,17385430.0,123754.0,727141.0
163,GEORGIA,2004,51104,8918129.0,40217.0,376656.0
164,HAWAII,2004,5555,1262124.0,3213.0,60525.0
165,IDAHO,2004,5758,1395140.0,3452.0,38799.0
166,ILLINOIS,2004,44054,12712016.0,69365.0,403486.0
167,INDIANA,2004,21984,6226537.0,20294.0,211929.0
168,IOWA,2004,8525,2952904.0,8499.0,85775.0
169,KANSAS,2004,8991,2733697.0,10330.0,109771.0
170,KENTUCKY,2004,13322,4141835.0,10152.0,105209.0
171,LOUISIANA,2004,19470,4506685.0,28844.0,199153.0
172,MAINE,2004,2013,1314985.0,1364.0,31740.0
173,MARYLAND,2004,23289,5561332.0,38961.0,202474.0
174,MASSACHUSETTS,2004,9825,6407382.0,29489.0,158150.0
175,MICHIGAN,2004,48831,10104206.0,49737.0,309805.0
176,MINNESOTA,2004,7983,5096546.0,13751.0,155019.0
177,MISSISSIPPI,2004,16359,2900768.0,8568.0,100980.0
178,MISSOURI,2004,30682,5759532.0,28226.0,224629.0
179,MONTANA,2004,2703,926920.0,2723.0,27215.0
180,NEBRASKA,2004,4137,1747704.0,5393.0,61512.0
181,NEVADA,2004,11033,2332898.0,14379.0,98215.0
182,NEW HAMPSHIRE,2004,2443,1299169.0,2202.0,26658.0
183,NEW JERSEY,2004,25435,8685166.0,30943.0,211313.0
184,NEW MEXICO,2004,6403,1903006.0,13081.0,79895.0
185,NEW YORK,2004,64024,19280727.0,84914.0,422734.0
186,NORTH CAROLINA,2004,35544,8540468.0,38244.0,355328.0
187,NORTH DAKOTA,2004,1130,636308.0,558.0,12493.0
188,OHIO,2004,44150,11450143.0,38787.0,419337.0
189,OKLAHOMA,2004,22621,3523546.0,17635.0,149472.0
190,OREGON,2004,12652,3591363.0,10724.0,166475.0
191,PENNSYLVANIA,2004,40506,12394471.0,50998.0,299611.0
192,RHODE ISLAND,2004,3169,1079916.0,2673.0,31166.0
193,SOUTH CAROLINA,2004,22650,4197892.0,33160.0,190456.0
194,SOUTH DAKOTA,2004,3053,770621.0,1319.0,14885.0
195,TENNESSEE,2004,19331,5893298.0,41113.0,254991.0
196,TEXAS,2004,156682,22471549.0,121554.0,1010702.0
197,UTAH,2004,4720,2420708.0,5647.0,97762.0
198,VERMONT,2004,1968,621233.0,713.0,14559.0
199,VIRGINIA,2004,31072,7481332.0,20608.0,200368.0
200,WASHINGTON,2004,16503,6207046.0,21330.0,300837.0
201,WEST VIRGINIA,2004,3990,1812548.0,5110.0,46326.0
202,WISCONSIN,2004,22152,5503533.0,11548.0,146710.0
203,WYOMING,2004,1765,505887.0,1163.0,16889.0
205,ALABAMA,2005,24315,4548327.0,19678.0,177393.0
206,ALASKA,2005,4798,663253.0,4194.0,23975.0
207,ARIZONA,2005,33345,5953007.0,30478.0,287345.0
208,ARKANSAS,2005,12455,2775708.0,14670.0,112914.0
209,CALIFORNIA,2005,168035,36154147.0,190178.0,1200531.0
210,COLORADO,2005,21063,4663295.0,18498.0,188449.0
211,CONNECTICUT,2005,17928,3500701.0,9542.0,90270.0
212,DELAWARE,2005,6788,841741.0,5332.0,26245.0
213,FLORIDA,2005,86559,17768191.0,125957.0,712998.0
214,GEORGIA,2005,48749,9132553.0,40725.0,378534.0
215,HAWAII,2005,5739,1273278.0,3253.0,61115.0
216,IDAHO,2005,6249,1429367.0,3670.0,38556.0
217,ILLINOIS,2005,44919,12765427.0,70496.0,394670.0
218,INDIANA,2005,22760,6266019.0,20302.0,216778.0
219,IOWA,2005,8737,2965524.0,8697.0,84370.0
220,KANSAS,2005,9090,2748172.0,10701.0,104588.0
221,KENTUCKY,2005,14904,4172608.0,11134.0,105608.0
222,LOUISIANA,2005,19371,4507331.0,26889.0,166611.0
223,MAINE,2005,1970,1318220.0,1483.0,31889.0
224,MARYLAND,2005,22553,5589599.0,39369.0,198483.0
225,MASSACHUSETTS,2005,10348,6433367.0,29644.0,151727.0
226,MICHIGAN,2005,49493,10100833.0,55936.0,312892.0
227,MINNESOTA,2005,8718,5126739.0,15243.0,158301.0
228,MISSISSIPPI,2005,16089,2908496.0,8131.0,95231.0
229,MISSOURI,2005,30415,5797703.0,30477.0,227809.0
230,MONTANA,2005,2822,934737.0,2634.0,29407.0
231,NEBRASKA,2005,4405,1758163.0,5052.0,60348.0
232,NEVADA,2005,11662,2412301.0,14654.0,102424.0
233,NEW HAMPSHIRE,2005,2423,1306819.0,1761.0,24031.0
234,NEW JERSEY,2005,25619,8703150.0,30919.0,203391.0
235,NEW MEXICO,2005,6571,1925985.0,12448.0,79575.0
236,NEW YORK,2005,63032,19315721.0,85839.0,405990.0
237,NORTH CAROLINA,2005,36646,8672459.0,40650.0,353855.0
238,NORTH DAKOTA,2005,1318,634605.0,706.0,12848.0
239,OHIO,2005,45189,11470685.0,40162.0,420705.0
240,OKLAHOMA,2005,22907,3543442.0,18044.0,143406.0
241,OREGON,2005,12887,3638871.0,10444.0,160199.0
242,PENNSYLVANIA,2005,41941,12405348.0,52761.0,300444.0
243,RHODE ISLAND,2005,3414,1073579.0,2710.0,29287.0
244,SOUTH CAROLINA,2005,22456,4246933.0,32590.0,185606.0
245,SOUTH DAKOTA,2005,3346,774883.0,1387.0,13694.0
246,TENNESSEE,2005,19270,5955745.0,45104.0,256093.0
247,TEXAS,2005,157081,22928508.0,121091.0,990293.0
248,UTAH,2005,5058,2490334.0,5612.0,95546.0
249,VERMONT,2005,2078,622387.0,782.0,14749.0
250,VIRGINIA,2005,30722,7564327.0,21434.0,200404.0
251,WASHINGTON,2005,16781,6291899.0,21745.0,307661.0
252,WEST VIRGINIA,2005,4036,1814083.0,4968.0,47757.0
253,WISCONSIN,2005,21921,5527644.0,13367.0,147556.0
254,WYOMING,2005,2096,508798.0,1172.0,16070.0
256,ALABAMA,2006,24103,4599030.0,19553.0,181249.0
257,ALASKA,2006,5052,670053.0,4610.0,23975.0
258,ARIZONA,2006,35752,6166318.0,33456.0,294389.0
259,ARKANSAS,2006,12854,2810872.0,15538.0,112025.0
260,CALIFORNIA,2006,172298,36457549.0,194483.0,1159988.0
261,COLORADO,2006,22051,4753377.0,18794.0,163439.0
262,CONNECTICUT,2006,18902,3504809.0,10505.0,90638.0
263,DELAWARE,2006,7021,853476.0,5983.0,29670.0
264,FLORIDA,2006,90377,18089888.0,129602.0,721101.0
265,GEORGIA,2006,52792,9363941.0,44754.0,362712.0
266,HAWAII,2006,5510,1285498.0,3608.0,54247.0
267,IDAHO,2006,6665,1466465.0,3666.0,35135.0
268,ILLINOIS,2006,45106,12831970.0,69498.0,387478.0
269,INDIANA,2006,24901,6313520.0,20303.0,217783.0
270,IOWA,2006,8838,2982085.0,8521.0,84202.0
271,KANSAS,2006,8833,2764075.0,11960.0,104260.0
272,KENTUCKY,2006,15589,4206074.0,11361.0,109428.0
273,LOUISIANA,2006,20815,4287768.0,30923.0,174975.0
274,MAINE,2006,2083,1321574.0,1533.0,33658.0
275,MARYLAND,2006,22662,5615727.0,38111.0,195484.0
276,MASSACHUSETTS,2006,10773,6437193.0,32217.0,153943.0
277,MICHIGAN,2006,51515,10095643.0,56981.0,325594.0
278,MINNESOTA,2006,8814,5167101.0,16042.0,159276.0
279,MISSISSIPPI,2006,16384,2910540.0,9076.0,92853.0
280,MISSOURI,2006,30116,5842713.0,31897.0,224007.0
281,MONTANA,2006,2948,944632.0,3564.0,26986.0
282,NEBRASKA,2006,4399,1768331.0,5197.0,59411.0
283,NEVADA,2006,12754,2495529.0,18687.0,102338.0
284,NEW HAMPSHIRE,2006,2676,1314895.0,1785.0,26060.0
285,NEW JERSEY,2006,25554,8724560.0,30550.0,198820.0
286,NEW MEXICO,2006,6639,1954599.0,12797.0,76000.0
287,NEW YORK,2006,63538,19306183.0,84016.0,398577.0
288,NORTH CAROLINA,2006,37725,8856505.0,42088.0,364549.0
289,NORTH DAKOTA,2006,1337,635867.0,1255.0,13359.0
290,OHIO,2006,48482,11478006.0,41491.0,423334.0
291,OKLAHOMA,2006,22873,3579212.0,17905.0,129728.0
292,OREGON,2006,13191,3700758.0,10534.0,137858.0
293,PENNSYLVANIA,2006,43971,12440621.0,55028.0,304589.0
294,RHODE ISLAND,2006,3713,1067610.0,2460.0,27914.0
295,SOUTH CAROLINA,2006,22930,4321249.0,33322.0,184712.0
296,SOUTH DAKOTA,2006,3316,781919.0,2071.0,13812.0
297,TENNESSEE,2006,19312,6038803.0,46043.0,249860.0
298,TEXAS,2006,158510,23507783.0,121602.0,959846.0
299,UTAH,2006,5031,2550063.0,5771.0,89572.0
300,VERMONT,2006,2215,623908.0,905.0,14920.0
301,VIRGINIA,2006,30823,7642884.0,21683.0,190257.0
302,WASHINGTON,2006,16827,6395798.0,22303.0,288456.0
303,WEST VIRGINIA,2006,4367,1818470.0,5113.0,47941.0
304,WISCONSIN,2006,22564,5556506.0,15899.0,156748.0
305,WYOMING,2006,2035,515004.0,1307.0,15381.0
307,ALABAMA,2007,25253,4627851.0,20775.0,184082.0
308,ALASKA,2007,5151,683478.0,4520.0,23096.0
309,ARIZONA,2007,37700,6338755.0,32835.0,287308.0
310,ARKANSAS,2007,13275,2834797.0,15226.0,112130.0
311,CALIFORNIA,2007,171444,36553215.0,191561.0,1112510.0
312,COLORADO,2007,22666,4861515.0,17101.0,145808.0
313,CONNECTICUT,2007,19438,3502309.0,10547.0,86528.0
314,DELAWARE,2007,7110,864764.0,6100.0,29216.0
315,FLORIDA,2007,95187,18251243.0,131878.0,746249.0
316,GEORGIA,2007,54256,9544750.0,46917.0,371248.0
317,HAWAII,2007,5457,1283388.0,3544.0,52866.0
318,IDAHO,2007,7055,1499402.0,3841.0,34124.0
319,ILLINOIS,2007,45215,12852548.0,68528.0,377322.0
320,INDIANA,2007,25137,6345289.0,21310.0,213887.0
321,IOWA,2007,8692,2988046.0,8970.0,79133.0
322,KANSAS,2007,8721,2775997.0,12730.0,102961.0
323,KENTUCKY,2007,15364,4241474.0,12329.0,107987.0
324,LOUISIANA,2007,20461,4293204.0,31789.0,180516.0
325,MAINE,2007,2148,1317207.0,1565.0,32249.0
326,MARYLAND,2007,23184,5618344.0,36063.0,192796.0
327,MASSACHUSETTS,2007,11071,6449755.0,28487.0,154743.0
328,MICHIGAN,2007,50233,10071822.0,53765.0,308550.0
329,MINNESOTA,2007,9192,5197621.0,15054.0,158257.0
330,MISSISSIPPI,2007,17478,2918785.0,8502.0,90887.0
331,MISSOURI,2007,29823,5878415.0,32962.0,225113.0
332,MONTANA,2007,2909,957861.0,3638.0,27837.0
333,NEBRASKA,2007,4402,1774571.0,5524.0,55765.0
334,NEVADA,2007,13311,2565382.0,19365.0,97118.0
335,NEW HAMPSHIRE,2007,2759,1315828.0,1896.0,26394.0
336,NEW JERSEY,2007,25354,8685920.0,28544.0,192338.0
337,NEW MEXICO,2007,6429,1969915.0,13311.0,75168.0
338,NEW YORK,2007,62738,19297729.0,79962.0,383624.0
339,NORTH CAROLINA,2007,38240,9061032.0,42231.0,369893.0
340,NORTH DAKOTA,2007,1392,639715.0,1343.0,12796.0
341,OHIO,2007,49894,11466917.0,40759.0,397681.0
342,OKLAHOMA,2007,23778,3617316.0,18234.0,128714.0
343,OREGON,2007,13373,3747455.0,11015.0,132773.0
344,PENNSYLVANIA,2007,45530,12432792.0,51806.0,293850.0
345,RHODE ISLAND,2007,3745,1057832.0,2424.0,27576.0
346,SOUTH CAROLINA,2007,23578,4407709.0,34630.0,189304.0
347,SOUTH DAKOTA,2007,3276,796214.0,1926.0,13829.0
348,TENNESSEE,2007,19268,6156719.0,46482.0,252342.0
349,TEXAS,2007,158576,23904380.0,122014.0,985421.0
350,UTAH,2007,5165,2645330.0,6347.0,93082.0
351,VERMONT,2007,2116,621254.0,802.0,14702.0
352,VIRGINIA,2007,32977,7712091.0,21035.0,191763.0
353,WASHINGTON,2007,16911,6468424.0,21768.0,261776.0
354,WEST VIRGINIA,2007,4907,1812035.0,5016.0,45620.0
355,WISCONSIN,2007,22839,5601640.0,16330.0,159305.0
356,WYOMING,2007,1927,522830.0,1344.0,15053.0
358,ALABAMA,2008,25363,4661900.0,21110.0,190416.0
359,ALASKA,2008,4997,686293.0,4475.0,20090.0
360,ARIZONA,2008,39455,6500180.0,31567.0,266653.0
361,ARKANSAS,2008,13135,2855390.0,14649.0,110360.0
362,CALIFORNIA,2008,171085,36756666.0,185329.0,1080996.0
363,COLORADO,2008,23211,4939456.0,17480.0,139340.0
364,CONNECTICUT,2008,19905,3501252.0,10737.0,87210.0
365,DELAWARE,2008,6944,873092.0,6187.0,31385.0
366,FLORIDA,2008,99878,18328340.0,126256.0,758889.0
367,GEORGIA,2008,52719,9685744.0,47353.0,387917.0
368,HAWAII,2008,5455,1288198.0,3510.0,45944.0
369,IDAHO,2008,7033,1523816.0,3680.0,31940.0
370,ILLINOIS,2008,45474,12901563.0,67780.0,378355.0
371,INDIANA,2008,26392,6376792.0,21525.0,213639.0
372,IOWA,2008,8723,3002555.0,8651.0,73273.0
373,KANSAS,2008,8556,2802134.0,11554.0,94882.0
374,KENTUCKY,2008,15260,4269245.0,12690.0,114492.0
375,LOUISIANA,2008,20857,4410796.0,29613.0,171179.0
376,MAINE,2008,2047,1316456.0,1572.0,32433.0
377,MARYLAND,2008,23141,5633597.0,35393.0,198165.0
378,MASSACHUSETTS,2008,11174,6497967.0,30137.0,155919.0
379,MICHIGAN,2008,48738,10003422.0,51512.0,295100.0
380,MINNESOTA,2008,9031,5220393.0,13853.0,149517.0
381,MISSISSIPPI,2008,17896,2938618.0,8942.0,85488.0
382,MISSOURI,2008,30137,5911605.0,29701.0,216522.0
383,MONTANA,2008,2910,967440.0,3013.0,26300.0
384,NEBRASKA,2008,4470,1783432.0,5570.0,51350.0
385,NEVADA,2008,12877,2600167.0,18973.0,90006.0
386,NEW HAMPSHIRE,2008,2854,1315809.0,2054.0,28387.0
387,NEW JERSEY,2008,24835,8682661.0,28351.0,199127.0
388,NEW MEXICO,2008,6321,1984356.0,12967.0,75718.0
389,NEW YORK,2008,60198,19490297.0,77546.0,388599.0
390,NORTH CAROLINA,2008,39957,9222414.0,43125.0,372763.0
391,NORTH DAKOTA,2008,1379,641481.0,1441.0,13029.0
392,OHIO,2008,50884,11485910.0,40436.0,391667.0
393,OKLAHOMA,2008,23676,3642361.0,19359.0,126535.0
394,OREGON,2008,13541,3790060.0,9909.0,125169.0
395,PENNSYLVANIA,2008,48736,12448279.0,51044.0,300294.0
396,RHODE ISLAND,2008,3739,1050788.0,2656.0,29895.0
397,SOUTH CAROLINA,2008,23685,4479800.0,32746.0,189950.0
398,SOUTH DAKOTA,2008,3352,804194.0,2227.0,13867.0
399,TENNESSEE,2008,19379,6214888.0,44913.0,251089.0
400,TEXAS,2008,159237,24326974.0,123585.0,969865.0
401,UTAH,2008,5132,2736424.0,6165.0,92373.0
402,VERMONT,2008,2116,621270.0,854.0,15903.0
403,VIRGINIA,2008,32585,7769089.0,20031.0,196726.0
404,WASHINGTON,2008,17188,6549224.0,21888.0,249283.0
405,WEST VIRGINIA,2008,4896,1814468.0,5006.0,45971.0
406,WISCONSIN,2008,22282,5627967.0,15507.0,155456.0
407,WYOMING,2008,1704,532668.0,1330.0,14515.0
409,ALABAMA,2009,27241,4708708.0,21194.0,178007.0
410,ALASKA,2009,5472,698473.0,4424.0,20538.0
411,ARIZONA,2009,40544,6595778.0,28128.0,236721.0
412,ARKANSAS,2009,13338,2889450.0,14905.0,109078.0
413,CALIFORNIA,2009,168830,36961664.0,174934.0,1009433.0
414,COLORADO,2009,22725,5024748.0,17022.0,134196.0
415,CONNECTICUT,2009,18938,3518288.0,10588.0,82625.0
416,DELAWARE,2009,6581,885122.0,5713.0,29685.0
417,FLORIDA,2009,101373,18537969.0,113541.0,712010.0
418,GEORGIA,2009,53538,9829211.0,42073.0,360985.0
419,HAWAII,2009,4848,1295178.0,3550.0,47516.0
420,IDAHO,2009,7184,1545801.0,3805.0,31220.0
421,ILLINOIS,2009,45161,12910409.0,64185.0,353347.0
422,INDIANA,2009,26748,6423113.0,21455.0,199907.0
423,IOWA,2009,8914,3007856.0,8485.0,70080.0
424,KANSAS,2009,8644,2818747.0,11460.0,90930.0
425,KENTUCKY,2009,14984,4314113.0,11000.0,108914.0
426,LOUISIANA,2009,19889,4492076.0,28878.0,172619.0
427,MAINE,2009,2074,1318301.0,1580.0,31706.0
428,MARYLAND,2009,22066,5699478.0,33625.0,182295.0
429,MASSACHUSETTS,2009,11156,6593587.0,30503.0,153178.0
430,MICHIGAN,2009,45478,9969727.0,49825.0,284019.0
431,MINNESOTA,2009,9500,5266214.0,12874.0,139286.0
432,MISSISSIPPI,2009,17212,2951996.0,8451.0,87327.0
433,MISSOURI,2009,30519,5987580.0,29513.0,201783.0
434,MONTANA,2009,3085,974989.0,2798.0,24826.0
435,NEBRASKA,2009,4490,1796619.0,5199.0,49731.0
436,NEVADA,2009,12570,2643085.0,18639.0,80976.0
437,NEW HAMPSHIRE,2009,2915,1324575.0,2125.0,28790.0
438,NEW JERSEY,2009,24115,8707739.0,27113.0,180752.0
439,NEW MEXICO,2009,6584,2009671.0,12709.0,74639.0
440,NEW YORK,2009,58479,19541453.0,75110.0,377537.0
441,NORTH CAROLINA,2009,40133,9380884.0,37946.0,343707.0
442,NORTH DAKOTA,2009,1436,646844.0,1723.0,12813.0
443,OHIO,2009,50783,11542645.0,38305.0,376446.0
444,OKLAHOMA,2009,24053,3687050.0,18560.0,132350.0
445,OREGON,2009,13735,3825657.0,9968.0,114780.0
446,PENNSYLVANIA,2009,50485,12604767.0,48188.0,277182.0
447,RHODE ISLAND,2009,3413,1053209.0,2678.0,27558.0
448,SOUTH CAROLINA,2009,23685,4561242.0,30799.0,178310.0
449,SOUTH DAKOTA,2009,3390,812383.0,1777.0,14378.0
450,TENNESSEE,2009,19932,6296254.0,41933.0,237157.0
451,TEXAS,2009,158542,24782302.0,121684.0,995082.0
452,UTAH,2009,5244,2784572.0,5998.0,91751.0
453,VERMONT,2009,2220,621760.0,837.0,15010.0
454,VIRGINIA,2009,30995,7882590.0,18195.0,194020.0
455,WASHINGTON,2009,17255,6664195.0,22412.0,245215.0
456,WEST VIRGINIA,2009,5062,1819777.0,5554.0,46215.0
457,WISCONSIN,2009,22262,5654774.0,14650.0,147692.0
458,WYOMING,2009,1743,544270.0,1196.0,14243.0
460,ALABAMA,2010,27345,4785401.0,18363.0,168828.0
461,ALASKA,2010,5369,714146.0,4537.0,20259.0
462,ARIZONA,2010,40130,6413158.0,26528.0,226802.0
463,ARKANSAS,2010,14192,2921588.0,14711.0,103820.0
464,CALIFORNIA,2010,162821,37338198.0,164133.0,981939.0
465,COLORADO,2010,22752,5047692.0,16339.0,135001.0
466,CONNECTICUT,2010,18629,3575498.0,10083.0,78259.0
467,DELAWARE,2010,6378,899792.0,5608.0,31078.0
468,FLORIDA,2010,102070,18838613.0,101969.0,669035.0
469,GEORGIA,2010,52794,9712157.0,39068.0,353449.0
470,HAWAII,2010,5294,1363359.0,3603.0,45667.0
471,IDAHO,2010,7235,1571102.0,3464.0,31436.0
472,ILLINOIS,2010,48418,12841980.0,57132.0,349064.0
473,INDIANA,2010,27273,6490622.0,20983.0,199274.0
474,IOWA,2010,9457,3050202.0,8191.0,68740.0
475,KANSAS,2010,9055,2859143.0,10602.0,89109.0
476,KENTUCKY,2010,14501,4347223.0,10604.0,111170.0
477,LOUISIANA,2010,19008,4545343.0,25241.0,165667.0
478,MAINE,2010,1954,1327379.0,1621.0,32900.0
479,MARYLAND,2010,22856,5785681.0,31607.0,173309.0
480,MASSACHUSETTS,2010,11162,6555466.0,30737.0,154496.0
481,MICHIGAN,2010,44113,9877143.0,48693.0,271501.0
482,MINNESOTA,2010,9397,5310658.0,12515.0,136431.0
483,MISSISSIPPI,2010,16454,2970072.0,7999.0,88596.0
484,MISSOURI,2010,30577,5995715.0,27440.0,200858.0
485,MONTANA,2010,3137,990958.0,2733.0,25409.0
486,NEBRASKA,2010,4608,1830141.0,5093.0,48827.0
487,NEVADA,2010,12192,2704283.0,17929.0,75004.0
488,NEW HAMPSHIRE,2010,2617,1316807.0,2204.0,29230.0
489,NEW JERSEY,2010,24488,8799593.0,27055.0,183042.0
490,NEW MEXICO,2010,6659,2065913.0,12147.0,70776.0
491,NEW YORK,2010,56420,19395206.0,76492.0,379710.0
492,NORTH CAROLINA,2010,40375,9560234.0,34679.0,329202.0
493,NORTH DAKOTA,2010,1416,674629.0,1548.0,12010.0
494,OHIO,2010,51709,11537968.0,36306.0,376836.0
495,OKLAHOMA,2010,24147,3760184.0,18100.0,129464.0
496,OREGON,2010,13859,3838332.0,9648.0,116657.0
497,PENNSYLVANIA,2010,48087,12717722.0,46612.0,276366.0
498,RHODE ISLAND,2010,3159,1052528.0,2709.0,26959.0
499,SOUTH CAROLINA,2010,23009,4637106.0,27923.0,181098.0
500,SOUTH DAKOTA,2010,3393,816598.0,2196.0,15188.0
501,TENNESSEE,2010,20037,6357436.0,38909.0,232855.0
502,TEXAS,2010,160242,25253466.0,113231.0,951246.0
503,UTAH,2010,5442,2775479.0,5925.0,88316.0
504,VERMONT,2010,2079,625909.0,820.0,14160.0
505,VIRGINIA,2010,31911,8023953.0,17184.0,187403.0
506,WASHINGTON,2010,17028,6742950.0,21138.0,249426.0
507,WEST VIRGINIA,2010,5072,1854368.0,5586.0,41301.0
508,WISCONSIN,2010,22033,5691659.0,14167.0,142781.0
509,WYOMING,2010,2092,564554.0,1117.0,13869.0
511,ALABAMA,2011,26813,4803689.0,20166.0,173192.0
512,ALASKA,2011,6216,723860.0,4416.0,19094.0
513,ARIZONA,2011,39949,6467315.0,26789.0,229896.0
514,ARKANSAS,2011,14090,2938582.0,14173.0,110430.0
515,CALIFORNIA,2011,147578,37683933.0,154943.0,973822.0
516,COLORADO,2011,21862,5116302.0,16085.0,132781.0
517,CONNECTICUT,2011,17877,3586717.0,9889.0,77205.0
518,DELAWARE,2011,6546,908137.0,5144.0,31163.0
519,FLORIDA,2011,100861,19082262.0,98198.0,671200.0
520,GEORGIA,2011,52844,9812460.0,36762.0,357235.0
521,HAWAII,2011,5454,1378129.0,3465.0,43874.0
522,IDAHO,2011,7470,1583744.0,3202.0,32875.0
523,ILLINOIS,2011,48427,12859752.0,54523.0,344468.0
524,INDIANA,2011,27402,6516353.0,21619.0,206016.0
525,IOWA,2011,9115,3064097.0,7883.0,72043.0
526,KANSAS,2011,9330,2870386.0,10209.0,88655.0
527,KENTUCKY,2011,14001,4366814.0,10465.0,119037.0
528,LOUISIANA,2011,18844,4574766.0,25373.0,168529.0
529,MAINE,2011,1978,1328544.0,1638.0,33829.0
530,MARYLAND,2011,23001,5839572.0,28817.0,166846.0
531,MASSACHUSETTS,2011,11467,6607003.0,28232.0,148829.0
532,MICHIGAN,2011,42904,9876801.0,43731.0,251329.0
533,MINNESOTA,2011,9309,5347299.0,12323.0,136183.0
534,MISSISSIPPI,2011,15390,2977457.0,8009.0,89809.0
535,MISSOURI,2011,30969,6008984.0,26888.0,199085.0
536,MONTANA,2011,3125,997667.0,2755.0,23885.0
537,NEBRASKA,2011,4657,1842234.0,4672.0,50894.0
538,NEVADA,2011,12159,2720028.0,15452.0,70075.0
539,NEW HAMPSHIRE,2011,2423,1317807.0,2864.0,32756.0
540,NEW JERSEY,2011,23642,8834773.0,27203.0,189719.0
541,NEW MEXICO,2011,6687,2078674.0,11904.0,73549.0
542,NEW YORK,2011,55196,19501616.0,77463.0,371837.0
543,NORTH CAROLINA,2011,39662,9651103.0,33421.0,337806.0
544,NORTH DAKOTA,2011,1385,684740.0,1699.0,13334.0
545,OHIO,2011,50961,11541007.0,35218.0,380572.0
546,OKLAHOMA,2011,23750,3784163.0,17311.0,127618.0
547,OREGON,2011,13728,3868229.0,9643.0,121869.0
548,PENNSYLVANIA,2011,49710,12743948.0,46189.0,283442.0
549,RHODE ISLAND,2011,3032,1050646.0,2586.0,27976.0
550,SOUTH CAROLINA,2011,22363,4673348.0,27894.0,183243.0
551,SOUTH DAKOTA,2011,3562,823593.0,2105.0,15299.0
552,TENNESSEE,2011,19831,6399787.0,38895.0,230900.0
553,TEXAS,2011,159956,25631778.0,104734.0,892810.0
554,UTAH,2011,5294,2814347.0,5547.0,84084.0
555,VERMONT,2011,2053,626592.0,925.0,15086.0
556,VIRGINIA,2011,30531,8104384.0,16014.0,182902.0
557,WASHINGTON,2011,17109,6823267.0,20152.0,244209.0
558,WEST VIRGINIA,2011,5149,1854908.0,5497.0,39009.0
559,WISCONSIN,2011,22388,5709843.0,14268.0,139912.0
560,WYOMING,2011,2162,567356.0,1245.0,12878.0
562,ALABAMA,2012,26768,4817528.0,21693.0,168878.0
563,ALASKA,2012,6308,730307.0,4412.0,20037.0
564,ARIZONA,2012,40013,6551149.0,28077.0,231701.0
565,ARKANSAS,2012,14043,2949828.0,13851.0,109389.0
566,CALIFORNIA,2012,132935,37999878.0,160944.0,1049465.0
567,COLORADO,2012,20328,5189458.0,15951.0,139355.0
568,CONNECTICUT,2012,17164,3591765.0,10183.0,77169.0
569,DELAWARE,2012,6730,917053.0,5048.0,30707.0
570,FLORIDA,2012,99835,19320749.0,94087.0,632988.0
571,GEORGIA,2012,55178,9915646.0,37675.0,339473.0
572,HAWAII,2012,5297,1390090.0,3378.0,43419.0
573,IDAHO,2012,7715,1595590.0,3348.0,31825.0
574,ILLINOIS,2012,49348,12868192.0,53556.0,332706.0
575,INDIANA,2012,28034,6537782.0,22544.0,197994.0
576,IOWA,2012,8735,3075039.0,8167.0,70357.0
577,KANSAS,2012,9505,2885398.0,10292.0,91066.0
578,KENTUCKY,2012,12998,4379730.0,9852.0,112800.0
579,LOUISIANA,2012,18601,4602134.0,22839.0,162673.0
580,MAINE,2012,1977,1328501.0,1626.0,33398.0
581,MARYLAND,2012,21810,5884868.0,28086.0,162309.0
582,MASSACHUSETTS,2012,11127,6645303.0,27047.0,143325.0
583,MICHIGAN,2012,43594,9882519.0,44962.0,249249.0
584,MINNESOTA,2012,9421,5379646.0,12419.0,138152.0
585,MISSISSIPPI,2012,15791,2986450.0,7769.0,83933.0
586,MISSOURI,2012,31205,6024522.0,27189.0,199813.0
587,MONTANA,2012,3095,1005494.0,2803.0,26102.0
588,NEBRASKA,2012,4721,1855350.0,4802.0,51203.0
589,NEVADA,2012,12594,2754354.0,16763.0,77510.0
590,NEW HAMPSHIRE,2012,2568,1321617.0,2841.0,32074.0
591,NEW JERSEY,2012,23050,8867749.0,25727.0,181481.0
592,NEW MEXICO,2012,6640,2083540.0,11660.0,75094.0
593,NEW YORK,2012,54058,19576125.0,79535.0,375268.0
594,NORTH CAROLINA,2012,37378,9748364.0,34464.0,328594.0
595,NORTH DAKOTA,2012,1413,701345.0,1723.0,14297.0
596,OHIO,2012,50872,11553031.0,34827.0,370435.0
597,OKLAHOMA,2012,24370,3815780.0,18102.0,130969.0
598,OREGON,2012,14123,3899801.0,9638.0,126417.0
599,PENNSYLVANIA,2012,50228,12764475.0,45384.0,276562.0
600,RHODE ISLAND,2012,3042,1050304.0,2657.0,27039.0
601,SOUTH CAROLINA,2012,21867,4723417.0,26474.0,181049.0
602,SOUTH DAKOTA,2012,3596,834047.0,2701.0,17326.0
603,TENNESSEE,2012,19817,6454914.0,41213.0,217925.0
604,TEXAS,2012,155195,26060796.0,106475.0,876459.0
605,UTAH,2012,5309,2854871.0,5939.0,86284.0
606,VERMONT,2012,2034,625953.0,891.0,15653.0
607,VIRGINIA,2012,29708,8186628.0,15676.0,178434.0
608,WASHINGTON,2012,16919,6895318.0,20553.0,254377.0
609,WEST VIRGINIA,2012,5335,1856680.0,5943.0,44500.0
610,WISCONSIN,2012,22419,5724554.0,16254.0,140780.0
611,WYOMING,2012,2187,576626.0,1161.0,13222.0
613,ALABAMA,2013,26825,4833996.0,20834.0,161835.0
614,ALASKA,2013,5081,737259.0,4709.0,21211.0
615,ARIZONA,2013,41031,6634997.0,27576.0,223294.0
616,ARKANSAS,2013,14295,2958765.0,13705.0,106477.0
617,CALIFORNIA,2013,134339,38431393.0,154739.0,1018907.0
618,COLORADO,2013,20184,5272086.0,16099.0,139974.0
619,CONNECTICUT,2013,17319,3599341.0,9439.0,71274.0
620,DELAWARE,2013,6798,925240.0,4633.0,29001.0
621,FLORIDA,2013,100940,19600311.0,91993.0,607170.0
622,GEORGIA,2013,53701,9994759.0,37519.0,339808.0
623,HAWAII,2013,5173,1408987.0,3585.0,45266.0
624,IDAHO,2013,7219,1612843.0,3471.0,30230.0
625,ILLINOIS,2013,48653,12890552.0,51956.0,296048.0
626,INDIANA,2013,28495,6570713.0,23627.0,187472.0
627,IOWA,2013,8707,3092341.0,8443.0,67976.0
628,KANSAS,2013,9610,2895801.0,9928.0,85704.0
629,KENTUCKY,2013,12141,4399583.0,9280.0,104448.0
630,LOUISIANA,2013,18794,4629284.0,24127.0,165679.0
631,MAINE,2013,2073,1328702.0,1761.0,30454.0
632,MARYLAND,2013,21705,5938737.0,28235.0,157918.0
633,MASSACHUSETTS,2013,10622,6708874.0,27264.0,137274.0
634,MICHIGAN,2013,43704,9898193.0,44757.0,230135.0
635,MINNESOTA,2013,9391,5422060.0,12710.0,131193.0
636,MISSISSIPPI,2013,15591,2992206.0,8303.0,81548.0
637,MISSOURI,2013,31499,6044917.0,26216.0,189655.0
638,MONTANA,2013,3125,1014864.0,2924.0,26195.0
639,NEBRASKA,2013,5012,1868969.0,4949.0,49197.0
640,NEVADA,2013,12789,2791494.0,16888.0,79177.0
641,NEW HAMPSHIRE,2013,2623,1322616.0,2952.0,29278.0
642,NEW JERSEY,2013,22263,8911502.0,25748.0,167634.0
643,NEW MEXICO,2013,6767,2086895.0,12990.0,78958.0
644,NEW YORK,2013,53312,19695680.0,77563.0,358603.0
645,NORTH CAROLINA,2013,37176,9848917.0,33587.0,305631.0
646,NORTH DAKOTA,2013,1576,723857.0,1979.0,15356.0
647,OHIO,2013,51711,11572005.0,33722.0,338414.0
648,OKLAHOMA,2013,25364,3853118.0,17187.0,126418.0
649,OREGON,2013,14605,3928068.0,9536.0,125083.0
650,PENNSYLVANIA,2013,49971,12781296.0,42825.0,263176.0
651,RHODE ISLAND,2013,3168,1053354.0,2710.0,25741.0
652,SOUTH CAROLINA,2013,21534,4771929.0,24263.0,173261.0
653,SOUTH DAKOTA,2013,3612,845510.0,2733.0,16274.0
654,TENNESSEE,2013,20758,6497269.0,38063.0,207683.0
655,TEXAS,2013,155377,26505637.0,108757.0,862289.0
656,UTAH,2013,5382,2902787.0,6644.0,88334.0
657,VERMONT,2013,2078,626855.0,775.0,13882.0
658,VIRGINIA,2013,29985,8270345.0,16355.0,171558.0
659,WASHINGTON,2013,17760,6973742.0,20223.0,259139.0
660,WEST VIRGINIA,2013,5708,1853595.0,5657.0,39929.0
661,WISCONSIN,2013,22443,5742953.0,16118.0,125694.0
662,WYOMING,2013,2288,583223.0,1212.0,12809.0
664,ALABAMA,2014,26145,4849377.0,20727.0,154094.0
665,ALASKA,2014,6323,736732.0,4684.0,20334.0
666,ARIZONA,2014,42136,6731484.0,26916.0,215240.0
667,ARKANSAS,2014,15250,2966369.0,14243.0,99018.0
668,CALIFORNIA,2014,134430,38802500.0,153709.0,947192.0
669,COLORADO,2014,20469,5355866.0,16554.0,135510.0
670,CONNECTICUT,2014,16814,3596677.0,8522.0,69070.0
671,DELAWARE,2014,6730,935614.0,4576.0,27900.0
672,FLORIDA,2014,100873,19893297.0,107521.0,679446.0
673,GEORGIA,2014,52719,10097343.0,38097.0,331316.0
674,HAWAII,2014,5390,1419561.0,3680.0,43297.0
675,IDAHO,2014,7497,1634464.0,3468.0,30316.0
676,ILLINOIS,2014,48278,12880580.0,47663.0,267385.0
677,INDIANA,2014,32493,6596855.0,24099.0,174776.0
678,IOWA,2014,8845,3107126.0,8497.0,65056.0
679,KANSAS,2014,9539,2904021.0,10123.0,79431.0
680,KENTUCKY,2014,12114,4413457.0,9340.0,99166.0
681,LOUISIANA,2014,18710,4649676.0,23934.0,160824.0
682,MAINE,2014,2199,1330089.0,1700.0,26421.0
683,MARYLAND,2014,21266,5976407.0,26661.0,149859.0
684,MASSACHUSETTS,2014,10447,6745408.0,26399.0,125267.0
685,MICHIGAN,2014,43359,9909877.0,42348.0,202547.0
686,MINNESOTA,2014,9576,5457173.0,12505.0,125377.0
687,MISSISSIPPI,2014,13069,2994079.0,8338.0,87462.0
688,MISSOURI,2014,31903,6063589.0,26856.0,176237.0
689,MONTANA,2014,3119,1023579.0,3313.0,25312.0
690,NEBRASKA,2014,5228,1881503.0,5275.0,47479.0
691,NEVADA,2014,12693,2839099.0,18045.0,74538.0
692,NEW HAMPSHIRE,2014,2723,1326813.0,2602.0,26041.0
693,NEW JERSEY,2014,21394,8938175.0,23346.0,154993.0
694,NEW MEXICO,2014,6948,2085572.0,12459.0,73877.0
695,NEW YORK,2014,52362,19746227.0,75398.0,339282.0
696,NORTH CAROLINA,2014,37348,9943964.0,32767.0,285697.0
697,NORTH DAKOTA,2014,1696,739482.0,1960.0,15605.0
698,OHIO,2014,51521,11594163.0,33030.0,324528.0
699,OKLAHOMA,2014,26493,3878051.0,15744.0,115982.0
700,OREGON,2014,14492,3970239.0,9224.0,114305.0
701,PENNSYLVANIA,2014,49174,12787209.0,40164.0,247016.0
702,RHODE ISLAND,2014,3133,1055173.0,2313.0,22935.0
703,SOUTH CAROLINA,2014,20948,4832482.0,24052.0,167217.0
704,SOUTH DAKOTA,2014,3507,853175.0,2786.0,15902.0
705,TENNESSEE,2014,20815,6549352.0,39848.0,200447.0
706,TEXAS,2014,154247,26956958.0,109414.0,813934.0
707,UTAH,2014,5307,2942902.0,6346.0,84711.0
708,VERMONT,2014,1979,626562.0,622.0,9551.0
709,VIRGINIA,2014,30050,8326289.0,16340.0,160720.0
710,WASHINGTON,2014,17180,7061530.0,20136.0,261706.0
711,WEST VIRGINIA,2014,5867,1850326.0,5588.0,37648.0
712,WISCONSIN,2014,22572,5757564.0,16714.0,120238.0
713,WYOMING,2014,2369,584153.0,1142.0,11477.0
715,ALABAMA,2015,25212,4858979.0,22952.0,144746.0
716,ALASKA,2015,5247,738432.0,5392.0,20806.0
717,ARIZONA,2015,42204,6828065.0,28012.0,207107.0
718,ARKANSAS,2015,15784,2978204.0,15526.0,96836.0
719,CALIFORNIA,2015,127815,39144818.0,166883.0,1024914.0
720,COLORADO,2015,19959,5456574.0,17515.0,144136.0
721,CONNECTICUT,2015,16024,3590886.0,7845.0,65066.0
722,DELAWARE,2015,6437,945934.0,4720.0,25455.0
723,FLORIDA,2015,99485,20271272.0,93626.0,570270.0
724,GEORGIA,2015,52002,10214860.0,38643.0,308723.0
725,HAWAII,2015,5413,1431603.0,4201.0,54346.0
726,IDAHO,2015,7238,1654930.0,3568.0,28858.0
727,ILLINOIS,2015,46240,12859995.0,49354.0,255729.0
728,INDIANA,2015,26586,6619680.0,25653.0,171847.0
729,IOWA,2015,8864,3123899.0,8936.0,63957.0
730,KANSAS,2015,9533,2911641.0,11353.0,79199.0
731,KENTUCKY,2015,11959,4425092.0,9676.0,96362.0
732,LOUISIANA,2015,18447,4670724.0,25208.0,156629.0
733,MAINE,2015,2190,1329328.0,1729.0,24327.0
734,MARYLAND,2015,20951,6006401.0,27462.0,139048.0
735,MASSACHUSETTS,2015,9493,6794422.0,26562.0,114871.0
736,MICHIGAN,2015,42628,9922576.0,41231.0,187101.0
737,MINNESOTA,2015,9578,5489594.0,13319.0,121984.0
738,MISSISSIPPI,2015,13967,2992333.0,8254.0,84790.0
739,MISSOURI,2015,32295,6083672.0,30261.0,173642.0
740,MONTANA,2015,3176,1032949.0,3611.0,27100.0
741,NEBRASKA,2015,5133,1896190.0,5212.0,42495.0
742,NEVADA,2015,13235,2890845.0,20118.0,77137.0
743,NEW HAMPSHIRE,2015,2661,1330608.0,2652.0,23229.0
744,NEW JERSEY,2015,20294,8958013.0,22879.0,145701.0
745,NEW MEXICO,2015,7104,2085109.0,13681.0,77094.0
746,NEW YORK,2015,51485,19791256.0,74856.0,322253.0
747,NORTH CAROLINA,2015,36888,10042802.0,34852.0,276183.0
748,NORTH DAKOTA,2015,1772,756927.0,1812.0,16020.0
749,OHIO,2015,52240,11613423.0,33898.0,300525.0
750,OKLAHOMA,2015,27321,3911338.0,16506.0,112878.0
751,OREGON,2015,14655,4028977.0,10468.0,118719.0
752,PENNSYLVANIA,2015,48846,12802503.0,40339.0,232085.0
753,RHODE ISLAND,2015,2982,1056298.0,2562.0,20043.0
754,SOUTH CAROLINA,2015,20457,4896146.0,24700.0,161245.0
755,SOUTH DAKOTA,2015,3536,858469.0,3289.0,16680.0
756,TENNESSEE,2015,19800,6600299.0,40400.0,193796.0
757,TEXAS,2015,152492,27469114.0,113227.0,777739.0
758,UTAH,2015,4831,2995919.0,7071.0,89278.0
759,VERMONT,2015,1750,626042.0,739.0,8806.0
760,VIRGINIA,2015,30430,8382993.0,16399.0,156470.0
761,WASHINGTON,2015,17222,7170351.0,20394.0,248369.0
762,WEST VIRGINIA,2015,5925,1844128.0,6231.0,37251.0
763,WISCONSIN,2015,22914,5771337.0,17647.0,113924.0
764,WYOMING,2015,2400,586107.0,1302.0,11151.0
766,ALABAMA,2016,23745,4860545.0,25878.0,143259.0
767,ALASKA,2016,4378,741522.0,5966.0,24876.0
768,ARIZONA,2016,42248,6908642.0,32542.0,207317.0
769,ARKANSAS,2016,15833,2988231.0,16563.0,98092.0
770,CALIFORNIA,2016,129416,39296476.0,174796.0,1002070.0
771,COLORADO,2016,19486,5530105.0,19030.0,152146.0
772,CONNECTICUT,2016,15040,3587685.0,8169.0,64875.0
773,DELAWARE,2016,6334,952698.0,4859.0,26370.0
774,FLORIDA,2016,98010,20656589.0,88700.0,553812.0
775,GEORGIA,2016,53433,10313620.0,40268.0,307305.0
776,HAWAII,2016,5182,1428683.0,3452.0,42353.0
777,IDAHO,2016,7221,1680026.0,3876.0,29357.0
778,ILLINOIS,2016,43616,12835726.0,56054.0,263256.0
779,INDIANA,2016,25143,6634007.0,26516.0,168460.0
780,IOWA,2016,9049,3130869.0,9170.0,65888.0
781,KANSAS,2016,9653,2907731.0,11665.0,82293.0
782,KENTUCKY,2016,11867,4436113.0,10452.0,97713.0
783,LOUISIANA,2016,15059,4686157.0,26477.0,154511.0
784,MAINE,2016,2356,1330232.0,1649.0,21908.0
785,MARYLAND,2016,20236,6024752.0,29019.0,139716.0
786,MASSACHUSETTS,2016,9038,6823721.0,25975.0,106430.0
787,MICHIGAN,2016,41122,9933445.0,45782.0,190249.0
788,MINNESOTA,2016,9509,5525050.0,13365.0,117723.0
789,MISSISSIPPI,2016,13720,2985415.0,8411.0,82521.0
790,MISSOURI,2016,32427,6091176.0,31720.0,170661.0
791,MONTANA,2016,3199,1038656.0,3886.0,28156.0
792,NEBRASKA,2016,5167,1907603.0,5661.0,43197.0
793,NEVADA,2016,13932,2939254.0,19924.0,75922.0
794,NEW HAMPSHIRE,2016,2599,1335015.0,2668.0,20323.0
795,NEW JERSEY,2016,19458,8978416.0,21861.0,138012.0
796,NEW MEXICO,2016,6996,2085432.0,14585.0,81930.0
797,NEW YORK,2016,50611,19836286.0,74315.0,305224.0
798,NORTH CAROLINA,2016,35970,10156689.0,37767.0,277765.0
799,NORTH DAKOTA,2016,1639,755548.0,1905.0,17451.0
800,OHIO,2016,52172,11622554.0,35759.0,300945.0
801,OKLAHOMA,2016,26367,3921207.0,17855.0,118010.0
802,OREGON,2016,14579,4085989.0,10983.0,121716.0
803,PENNSYLVANIA,2016,48287,12787085.0,40389.0,222394.0
804,RHODE ISLAND,2016,2887,1057566.0,2529.0,18910.0
805,SOUTH CAROLINA,2016,20376,4959822.0,25137.0,161534.0
806,SOUTH DAKOTA,2016,3770,861542.0,3636.0,17207.0
807,TENNESSEE,2016,21539,6649404.0,42459.0,191199.0
808,TEXAS,2016,151276,27904862.0,121064.0,769892.0
809,UTAH,2016,4502,3044321.0,7406.0,90561.0
810,VERMONT,2016,1735,623354.0,851.0,9705.0
811,VIRGINIA,2016,29882,8414380.0,18495.0,157292.0
812,WASHINGTON,2016,17228,7280934.0,22101.0,254994.0
813,WEST VIRGINIA,2016,5899,1828637.0,6633.0,37282.0
814,WISCONSIN,2016,23163,5772917.0,17716.0,111911.0
815,WYOMING,2016,2352,584910.0,1431.0,11460.0
