,STATE,YEAR,TOTAL_EXPENDITURE,INSTRUCTION_EXPENDITURE,4TH_ENROLLED,8TH_ENROLLED,TOTAL_ENROLLMENT,PRISONER_COUNT,STATE_POPULATION,VIOLENT_CRIME_TOTAL,PROPERTY_CRIME_TOTAL
0,ALABAMA,2001,"$5,086,045.00","$2,656,393.00","58,929","56,591","683,042","24,741","4,468,912","19,582","173,253"
1,ALABAMA,2002,"$5,147,821.00","$2,720,735.00","58,690","57,576","683,867","25,100","4,478,896","19,931","180,400"
2,ALABAMA,2003,"$5,298,932.00","$2,817,111.00","57,323","59,663","674,679","27,614","4,503,726","19,331","182,241"
3,ALABAMA,2004,"$5,450,269.00","$2,875,595.00","56,182","59,286","673,176","25,635","4,525,375","19,324","182,340"
4,ALABAMA,2005,"$5,904,664.00","$3,053,380.00","55,919","59,643","681,201","24,315","4,548,327","19,678","177,393"
5,ALABAMA,2006,"$6,591,429.00","$3,326,656.00","56,720","59,573","685,423","24,103","4,599,030","19,553","181,249"
6,ALABAMA,2007,"$7,196,459.00","$3,653,466.00","57,795","58,792","686,947","25,253","4,627,851","20,775","184,082"
7,ALABAMA,2008,"$7,847,387.00","$3,947,003.00","58,593","57,809","689,463","25,363","4,661,900","21,110","190,416"
8,ALABAMA,2009,"$7,815,467.00","$3,836,398.00","59,512","57,027","691,870","27,241","4,708,708","21,194","178,007"
9,ALABAMA,2010,"$7,647,571.00","$3,900,492.00","59,117","57,992","697,887","27,345","4,785,401","18,363","168,828"
10,ALABAMA,2011,"$7,411,768.00","$3,844,055.00","56,491","57,919","687,019","26,813","4,803,689","20,166","173,192"
11,ALABAMA,2012,"$7,222,161.00","$3,695,221.00","55,859","58,151","685,209","26,768","4,817,528","21,693","168,878"
12,ALABAMA,2013,"$7,487,741.00","$3,747,993.00","55,719","58,799","686,447","26,825","4,833,996","20,834","161,835"
13,ALABAMA,2014,"$7,587,737.00","$3,824,295.00","55,479","57,471","686,225","26,145","4,849,377","20,727","154,094"
14,ALABAMA,2015,"$7,501,799.00","$3,817,479.00","55,808","55,792","688,176","25,212","4,858,979","22,952","144,746"
15,ARIZONA,2001,"$5,858,385.00","$2,538,936.00","74,270","69,643","841,750","27,710","5,306,966","28,675","293,874"
16,ARIZONA,2002,"$6,018,188.00","$2,659,448.00","71,139","69,841","861,334","29,359","5,441,125","30,171","318,296"
17,ARIZONA,2003,"$6,210,287.00","$2,810,907.00","76,207","76,376","930,090","31,084","5,579,222","28,638","314,335"
18,ARIZONA,2004,"$6,731,212.00","$3,224,647.00","77,110","78,595","957,964","32,384","5,739,879","28,952","291,203"
19,ARIZONA,2005,"$7,136,794.00","$3,423,716.00","80,458","80,683","1,010,731","33,345","5,953,007","30,478","287,345"
20,ARIZONA,2006,"$7,934,177.00","$3,733,989.00","81,388","80,769","982,648","35,752","6,166,318","33,456","294,389"
21,ARIZONA,2007,"$8,709,531.00","$3,977,800.00","82,876","81,196","1,000,520","37,700","6,338,755","32,835","287,308"
22,ARIZONA,2008,"$9,581,201.00","$4,251,747.00","83,793","81,576","1,000,335","39,455","6,500,180","31,567","266,653"
23,ARIZONA,2009,"$9,580,393.00","$4,296,503.00","83,686","82,163","993,469","40,544","6,595,778","28,128","236,721"
24,ARIZONA,2010,"$8,812,967.00","$4,223,152.00","82,862","80,636","988,741","40,130","6,413,158","26,528","226,802"
25,ARIZONA,2011,"$8,610,417.00","$3,977,772.00","82,566","81,294","995,665","39,949","6,467,315","26,789","229,896"
26,ARIZONA,2012,"$8,054,662.00","$3,917,564.00","83,892","82,769","1,002,920","40,013","6,551,149","28,077","231,701"
27,ARIZONA,2013,"$7,600,581.00","$3,824,071.00","84,282","83,849","1,015,927","41,031","6,634,997","27,576","223,294"
28,ARIZONA,2014,"$8,109,460.00","$3,902,565.00","85,535","84,596","1,028,214","42,136","6,731,484","26,916","215,240"
29,ARIZONA,2015,"$7,902,600.00","$3,846,357.00","86,594","84,084","1,029,470","42,204","6,828,065","28,012","207,107"
30,CALIFORNIA,2001,"$52,082,540.00","$26,641,811.00","485,301","461,133","5,717,489","157,142","34,600,463","212,867","1,134,189"
31,CALIFORNIA,2002,"$56,464,225.00","$28,593,157.00","491,510","473,553","5,833,345","159,695","35,001,986","208,388","1,176,484"
32,CALIFORNIA,2003,"$59,749,885.00","$29,561,563.00","493,415","500,143","5,899,326","161,785","35,462,712","205,551","1,215,086"
33,CALIFORNIA,2004,"$62,647,953.00","$29,624,968.00","488,045","498,806","5,932,350","163,939","35,842,038","189,175","1,227,194"
34,CALIFORNIA,2005,"$66,196,072.00","$31,070,450.00","477,828","489,560","5,926,631","168,035","36,154,147","190,178","1,200,531"
35,CALIFORNIA,2006,"$68,722,432.00","$32,387,671.00","470,542","491,871","5,944,746","172,298","36,457,549","194,483","1,159,988"
36,CALIFORNIA,2007,"$73,225,422.00","$34,685,013.00","467,305","490,054","5,881,552","171,444","36,553,215","191,561","1,112,510"
37,CALIFORNIA,2008,"$76,618,865.00","$36,542,347.00","463,904","486,390","5,854,465","171,085","36,756,666","185,329","1,080,996"
38,CALIFORNIA,2009,"$74,766,086.00","$35,617,964.00","465,866","472,856","5,786,013","168,830","36,961,664","174,934","1,009,433"
39,CALIFORNIA,2010,"$71,227,111.00","$34,657,275.00","463,691","476,639","5,815,902","162,821","37,338,198","164,133","981,939"
40,CALIFORNIA,2011,"$69,847,705.00","$34,225,248.00","462,082","467,626","5,793,407","147,578","37,683,933","154,943","973,822"
41,CALIFORNIA,2012,"$70,191,877.00","$34,213,049.00","468,007","465,967","5,803,338","132,935","37,999,878","160,944","1,049,465"
42,CALIFORNIA,2013,"$69,727,119.00","$34,194,878.00","470,515","472,381","5,799,332","134,339","38,431,393","154,739","1,018,907"
43,CALIFORNIA,2014,"$72,506,810.00","$35,539,425.00","475,192","467,038","5,794,141","134,430","38,802,500","153,709","947,192"
44,CALIFORNIA,2015,"$78,365,958.00","$38,951,948.00","485,885","465,322",nan,"127,815","39,144,818","166,883","1,024,914"
45,COLORADO,2001,"$5,727,966.00","$2,709,184.00","58,028","56,540","689,066","17,278","4,430,989","15,492","170,887"
46,COLORADO,2002,"$6,237,142.00","$2,963,406.00","57,318","57,664","697,990","18,636","4,501,051","15,882","180,054"
47,COLORADO,2003,"$6,685,029.00","$3,168,745.00","56,437","58,897","701,780","19,450","4,547,633","15,757","179,706"
48,COLORADO,2004,"$6,869,975.00","$3,232,723.00","56,425","59,397","709,008","19,655","4,601,821","17,121","180,322"
49,COLORADO,2005,"$7,284,280.00","$3,380,399.00","57,151","59,929","720,428","21,063","4,663,295","18,498","188,449"
50,COLORADO,2006,"$7,803,324.00","$3,562,901.00","57,877","59,497","733,104","22,051","4,753,377","18,794","163,439"
51,COLORADO,2007,"$8,039,146.00","$3,782,300.00","59,449","58,396","740,291","22,666","4,861,515","17,101","145,808"
52,COLORADO,2008,"$8,884,786.00","$4,221,868.00","61,058","58,733","754,458","23,211","4,939,456","17,480","139,340"
53,COLORADO,2009,"$8,682,489.00","$4,108,304.00","62,929","59,129","768,178","22,725","5,024,748","17,022","134,196"
54,COLORADO,2010,"$8,914,338.00","$4,232,076.00","63,819","59,684","778,134","22,752","5,047,692","16,339","135,001"
55,COLORADO,2011,"$8,676,451.00","$4,204,486.00","64,560","61,156","787,904","21,862","5,116,302","16,085","132,781"
56,COLORADO,2012,"$8,472,536.00","$4,174,705.00","65,921","62,260","796,610","20,328","5,189,458","15,951","139,355"
57,COLORADO,2013,"$8,699,125.00","$4,292,898.00","66,140","63,820","809,774","20,184","5,272,086","16,099","139,974"
58,COLORADO,2014,"$9,286,626.00","$4,470,568.00","66,809","65,116","822,938","20,469","5,355,866","16,554","135,510"
59,COLORADO,2015,"$9,557,682.00","$4,578,938.00","68,176","65,957","834,481","19,959","5,456,574","17,515","144,136"
60,FLORIDA,2001,"$18,389,394.00","$8,412,975.00","196,952","194,250","2,323,253","72,404","16,373,330","130,713","782,517"
61,FLORIDA,2002,"$19,051,049.00","$8,781,232.00","197,625","201,159","2,356,659","75,210","16,691,701","128,721","777,236"
62,FLORIDA,2003,"$20,180,142.00","$9,622,598.00","178,109","205,443","2,395,642","79,594","16,999,181","124,280","757,696"
63,FLORIDA,2004,"$21,896,220.00","$10,411,050.00","197,293","209,559","2,442,173","83,165","17,385,430","123,754","727,141"
64,FLORIDA,2005,"$23,857,012.00","$11,270,907.00","195,265","208,413","2,471,699","86,559","17,768,191","125,957","712,998"
65,FLORIDA,2006,"$26,609,155.00","$12,211,602.00","199,686","207,213","2,469,450","90,377","18,089,888","129,602","721,101"
66,FLORIDA,2007,"$29,849,892.00","$13,476,109.00","195,859","193,970","2,469,344","95,187","18,251,243","131,878","746,249"
67,FLORIDA,2008,"$31,219,589.00","$14,392,625.00","198,129","200,736","2,437,592","99,878","18,328,340","126,256","758,889"
68,FLORIDA,2009,"$28,867,429.00","$13,884,278.00","199,322","198,245","2,438,465","101,373","18,537,969","113,541","712,010"
69,FLORIDA,2010,"$27,267,009.00","$13,869,921.00","200,682","201,676","2,446,250","102,070","18,838,613","101,969","669,035"
70,FLORIDA,2011,"$26,991,946.00","$14,284,224.00","195,625","200,378","2,464,854","100,861","19,082,262","98,198","671,200"
71,FLORIDA,2012,"$25,352,047.00","$13,558,844.00","195,358","204,116","2,481,673","99,835","19,320,749","94,087","632,988"
72,FLORIDA,2013,"$25,245,400.00","$13,833,236.00","198,411","206,698","2,511,426","100,940","19,600,311","91,993","607,170"
73,FLORIDA,2014,"$26,523,658.00","$14,542,370.00","202,424","210,397","2,552,392","100,873","19,893,297","107,521","679,446"
74,FLORIDA,2015,"$27,277,049.00","$14,931,173.00","215,435","206,785","2,592,720","99,485","20,271,272","93,626","570,270"
75,GEORGIA,2001,"$11,853,800.00","$6,336,556.00","116,886","112,145","1,359,461","45,937","8,405,677","41,671","347,872"
76,GEORGIA,2002,"$12,690,343.00","$6,894,589.00","118,053","116,150","1,381,240","47,445","8,544,005","39,271","346,559"
77,GEORGIA,2003,"$13,516,783.00","$7,352,918.00","117,201","120,694","1,403,762","47,208","8,676,460","39,435","369,589"
78,GEORGIA,2004,"$13,779,680.00","$7,492,703.00","116,129","122,432","1,430,942","51,104","8,918,129","40,217","376,656"
79,GEORGIA,2005,"$14,492,666.00","$7,886,069.00","119,028","123,678","1,470,064","48,749","9,132,553","40,725","378,534"
80,GEORGIA,2006,"$15,839,227.00","$8,583,817.00","121,155","126,903","1,498,704","52,792","9,363,941","44,754","362,712"
81,GEORGIA,2007,"$17,389,530.00","$9,507,096.00","125,404","124,544","1,519,798","54,256","9,544,750","46,917","371,248"
82,GEORGIA,2008,"$19,172,087.00","$10,289,480.00","127,285","123,857","1,526,456","52,719","9,685,744","47,353","387,917"
83,GEORGIA,2009,"$19,025,136.00","$10,063,924.00","130,091","124,084","1,536,360","53,538","9,829,211","42,073","360,985"
84,GEORGIA,2010,"$17,834,488.00","$9,841,382.00","131,326","123,794","1,545,059","52,794","9,712,157","39,068","353,449"
85,GEORGIA,2011,"$17,187,481.00","$9,671,343.00","128,827","126,785","1,551,644","52,844","9,812,460","36,762","357,235"
86,GEORGIA,2012,"$17,400,209.00","$9,611,118.00","128,538","128,432","1,566,495","55,178","9,915,646","37,675","339,473"
87,GEORGIA,2013,"$17,317,504.00","$9,555,687.00","129,329","131,295","1,587,251","53,701","9,994,759","37,519","339,808"
88,GEORGIA,2014,"$17,668,352.00","$9,635,641.00","131,377","133,128","1,610,821","52,719","10,097,343","38,097","331,316"
89,GEORGIA,2015,"$18,501,103.00","$10,081,483.00","134,343","131,509","1,628,449","52,002","10,214,860","38,643","308,723"
90,ILLINOIS,2001,"$19,337,580.00","$9,317,202.00","159,038","151,737","1,918,427","44,348","12,520,227","79,270","434,648"
91,ILLINOIS,2002,"$20,563,001.00","$9,904,454.00","157,570","156,451","1,932,882","42,693","12,586,447","75,759","430,479"
92,ILLINOIS,2003,"$21,278,177.00","$10,409,933.00","160,246","160,271","1,950,197","43,418","12,649,087","70,376","415,885"
93,ILLINOIS,2004,"$21,681,903.00","$10,829,189.00","158,622","162,192","1,951,248","44,054","12,712,016","69,365","403,486"
94,ILLINOIS,2005,"$22,035,569.00","$11,063,949.00","154,372","160,911","1,963,519","44,919","12,765,427","70,496","394,670"
95,ILLINOIS,2006,"$22,622,323.00","$11,327,481.00","153,480","159,038","1,970,836","45,106","12,831,970","69,498","387,478"
96,ILLINOIS,2007,"$23,401,917.00","$11,692,204.00","152,895","161,310","1,967,050","45,215","12,852,548","68,528","377,322"
97,ILLINOIS,2008,"$25,696,866.00","$12,676,038.00","152,951","159,272","1,972,738","45,474","12,901,563","67,780","378,355"
98,ILLINOIS,2009,"$27,716,187.00","$13,520,105.00","154,405","155,003","1,956,078","45,161","12,910,409","64,185","353,347"
99,ILLINOIS,2010,"$28,560,306.00","$14,668,228.00","153,781","154,293","1,945,429","48,418","12,841,980","57,132","349,064"
100,ILLINOIS,2011,"$28,525,858.00","$14,636,402.00","151,870","153,828","1,937,608","48,427","12,859,752","54,523","344,468"
101,ILLINOIS,2012,"$29,067,543.00","$14,896,596.00","151,409","152,505","1,925,565","49,348","12,868,192","53,556","332,706"
102,ILLINOIS,2013,"$29,517,831.00","$15,285,224.00","152,779","154,578","1,921,873","48,653","12,890,552","51,956","296,048"
103,ILLINOIS,2014,"$31,080,869.00","$16,323,537.00","149,399","153,054","1,910,510","48,278","12,880,580","47,663","267,385"
104,INDIANA,2002,"$9,353,054.00","$4,586,033.00","78,909","79,338","929,556","20,349","6,156,913","22,001","208,965"
105,INDIANA,2003,"$9,777,720.00","$4,785,880.00","77,484","81,494","937,134","21,345","6,199,571","21,842","208,039"
106,INDIANA,2004,"$10,312,694.00","$5,005,025.00","78,079","82,728","948,206","21,984","6,226,537","20,294","211,929"
107,INDIANA,2005,"$11,071,431.00","$5,343,758.00","79,078","82,021","959,555","22,760","6,266,019","20,302","216,778"
108,INDIANA,2006,"$11,260,755.00","$5,348,450.00","78,177","82,067","966,795","24,901","6,313,520","20,303","217,783"
109,INDIANA,2007,"$11,462,062.00","$5,511,104.00","78,204","80,850","971,319","25,137","6,345,289","21,310","213,887"
110,INDIANA,2008,"$10,865,851.00","$5,504,992.00","78,842","80,874","969,839","26,392","6,376,792","21,525","213,639"
111,INDIANA,2009,"$11,218,398.00","$5,548,292.00","79,992","80,983","968,437","26,748","6,423,113","21,455","199,907"
112,INDIANA,2010,"$11,502,534.00","$5,746,633.00","82,387","79,790","970,467","27,273","6,490,622","20,983","199,274"
113,INDIANA,2011,"$11,113,533.00","$5,609,296.00","78,627","79,586","962,599","27,402","6,516,353","21,619","206,016"
114,INDIANA,2012,"$11,351,906.00","$5,659,432.00","75,678","79,908","960,688","28,034","6,537,782","22,544","197,994"
115,INDIANA,2013,"$11,211,155.00","$5,535,933.00","77,584","80,754","965,699","28,495","6,570,713","23,627","187,472"
116,INDIANA,2014,"$11,136,045.00","$5,513,142.00","75,552","82,669","966,179","32,493","6,596,855","24,099","174,776"
117,INDIANA,2015,"$11,378,564.00","$5,537,406.00","77,751","79,198","968,731","26,586","6,619,680","25,653","171,847"
118,IOWA,2001,"$4,211,493.00","$1,994,331.00","36,106","37,115","446,874","7,962","2,931,967","7,865","88,634"
119,IOWA,2002,"$4,418,238.00","$2,109,878.00","34,803","37,281","439,782","8,398","2,935,840","8,388","92,877"
120,IOWA,2003,"$4,517,990.00","$2,157,225.00","34,290","38,428","442,301","8,546","2,941,976","8,175","87,554"
121,IOWA,2004,"$4,443,289.00","$2,256,107.00","33,743","38,097","441,606","8,525","2,952,904","8,499","85,775"
122,IOWA,2005,"$4,599,549.00","$2,323,233.00","34,160","38,145","446,047","8,737","2,965,524","8,697","84,370"
123,IOWA,2006,"$4,930,613.00","$2,425,326.00","34,245","37,031","445,530","8,838","2,982,085","8,521","84,202"
124,IOWA,2007,"$5,198,975.00","$2,557,629.00","34,590","36,040","447,296","8,692","2,988,046","8,970","79,133"
125,IOWA,2008,"$5,495,756.00","$2,737,356.00","35,031","35,324","449,037","8,723","3,002,555","8,651","73,273"
126,IOWA,2009,"$5,732,186.00","$2,914,176.00","35,225","35,239","452,886","8,914","3,007,856","8,485","70,080"
127,IOWA,2010,"$5,941,449.00","$2,970,150.00","35,071","35,263","456,469","9,457","3,050,202","8,191","68,740"
128,IOWA,2011,"$6,057,294.00","$2,995,991.00","34,951","35,498","455,683","9,115","3,064,097","7,883","72,043"
129,IOWA,2012,"$6,256,926.00","$3,072,424.00","35,492","35,694","458,444","8,735","3,075,039","8,167","70,357"
130,IOWA,2013,"$6,318,241.00","$3,174,989.00","35,617","36,238","461,724","8,707","3,092,341","8,443","67,976"
131,IOWA,2014,"$6,541,553.00","$3,266,694.00","36,072","35,827","465,388","8,845","3,107,126","8,497","65,056"
132,IOWA,2015,"$6,772,654.00","$3,383,909.00","37,030","35,965","468,796","8,864","3,123,899","8,936","63,957"
133,KENTUCKY,2001,"$4,350,588.00","$2,467,964.00","49,288","47,019","602,920","10,720","4,068,816","10,510","107,356"
134,KENTUCKY,2002,"$4,541,670.00","$2,598,897.00","48,636","48,934","608,653","11,583","4,089,822","11,101","108,590"
135,KENTUCKY,2003,"$4,700,494.00","$2,688,476.00","47,890","50,186","609,861","11,660","4,118,189","10,232","103,370"
136,KENTUCKY,2004,"$5,259,909.00","$2,723,672.00","47,872","51,172","620,284","13,322","4,141,835","10,152","105,209"
137,KENTUCKY,2005,"$5,750,671.00","$2,864,633.00","47,639","50,701","624,506","14,904","4,172,608","11,134","105,608"
138,KENTUCKY,2006,"$6,112,978.00","$3,082,253.00","47,975","50,323","628,019","15,589","4,206,074","11,361","109,428"
139,KENTUCKY,2007,"$6,351,636.00","$3,184,235.00","49,250","49,723","615,972","15,364","4,241,474","12,329","107,987"
140,KENTUCKY,2008,"$6,793,215.00","$3,422,359.00","49,875","49,668","619,126","15,260","4,269,245","12,690","114,492"
141,KENTUCKY,2009,"$6,831,006.00","$3,468,191.00","51,027","49,298","628,441","14,984","4,314,113","11,000","108,914"
142,KENTUCKY,2010,"$7,092,071.00","$3,616,584.00","51,189","48,525","621,577","14,501","4,347,223","10,604","111,170"
143,KENTUCKY,2011,"$7,253,850.00","$3,663,998.00","49,894","50,043","629,177","14,001","4,366,814","10,465","119,037"
144,KENTUCKY,2012,"$7,444,529.00","$3,697,663.00","50,583","50,259","630,798","12,998","4,379,730","9,852","112,800"
145,KENTUCKY,2013,"$7,413,896.00","$3,663,594.00","49,770","50,203","624,660","12,141","4,399,583","9,280","104,448"
146,KENTUCKY,2014,"$7,346,219.00","$3,659,917.00","50,300","51,246","636,274","12,114","4,413,457","9,340","99,166"
147,KENTUCKY,2015,"$7,554,887.00","$3,807,748.00","51,339","49,774","636,640","11,959","4,425,092","9,676","96,362"
148,MAINE,2001,"$1,958,646.00","$1,118,171.00","15,883","17,347","189,450","1,675","1,284,470","1,435","33,154"
149,MAINE,2002,"$2,057,022.00","$1,180,701.00","15,194","17,131","188,140","1,855","1,294,894","1,396","32,985"
150,MAINE,2003,"$2,154,117.00","$1,255,095.00","14,841","17,321","188,045","1,974","1,309,205","1,422","32,078"
151,MAINE,2004,"$2,291,174.00","$1,304,255.00","14,439","16,850","185,133","2,013","1,314,985","1,364","31,740"
152,MAINE,2005,"$2,325,138.00","$1,355,800.00","14,198","16,692","181,732","1,970","1,318,220","1,483","31,889"
153,MAINE,2006,"$2,381,439.00","$1,376,177.00","14,192","15,782","179,985","2,083","1,321,574","1,533","33,658"
154,MAINE,2007,"$2,501,127.00","$1,459,635.00","14,238","15,334","182,535","2,148","1,317,207","1,565","32,249"
155,MAINE,2008,"$2,582,293.00","$1,359,995.00","13,860","14,886","179,460","2,047","1,316,456","1,572","32,433"
156,MAINE,2009,"$2,624,504.00","$1,383,650.00","13,769","14,438","175,521","2,074","1,318,301","1,580","31,706"
157,MAINE,2010,"$2,680,693.00","$1,421,800.00","13,728","14,358","175,258","1,954","1,327,379","1,621","32,900"
158,MAINE,2011,"$2,728,535.00","$1,431,522.00","13,533","14,584","175,325","1,978","1,328,544","1,638","33,829"
159,MAINE,2012,"$2,625,759.00","$1,376,755.00","13,345","14,127","172,012","1,977","1,328,501","1,626","33,398"
160,MAINE,2013,"$2,535,405.00","$1,351,259.00","13,550","13,975","170,544","2,073","1,328,702","1,761","30,454"
161,MAINE,2014,"$2,550,302.00","$1,369,822.00","13,488","13,805","169,196","2,199","1,330,089","1,700","26,421"
162,MAINE,2015,"$2,596,180.00","$1,406,898.00","13,311","13,544","168,778","2,190","1,329,328","1,729","24,327"
163,MARYLAND,2001,"$7,981,362.00","$4,172,982.00","67,448","66,211","798,553","23,739","5,386,079","42,088","219,512"
164,MARYLAND,2002,"$8,568,446.00","$4,482,809.00","65,824","67,984","804,678","24,114","5,450,525","42,015","217,105"
165,MARYLAND,2003,"$8,732,518.00","$4,738,579.00","65,119","68,967","808,553","23,768","5,512,310","38,778","209,418"
166,MARYLAND,2004,"$8,921,938.00","$4,963,083.00","63,776","69,567","810,723","23,289","5,561,332","38,961","202,474"
167,MARYLAND,2005,"$9,782,665.00","$5,154,440.00","62,347","68,400","803,162","22,553","5,589,599","39,369","198,483"
168,MARYLAND,2006,"$10,585,292.00","$5,535,192.00","61,045","66,332","795,507","22,662","5,615,727","38,111","195,484"
169,MARYLAND,2007,"$11,541,225.00","$6,031,042.00","60,281","65,088","786,245","23,184","5,618,344","36,063","192,796"
170,MARYLAND,2008,"$12,739,693.00","$6,614,339.00","59,512","63,639","783,331","23,141","5,633,597","35,393","198,165"
171,MARYLAND,2009,"$12,757,599.00","$6,899,346.00","61,183","62,590","786,984","22,066","5,699,478","33,625","182,295"
172,MARYLAND,2010,"$13,205,691.00","$7,147,880.00","60,765","61,971","789,507","22,856","5,785,681","31,607","173,309"
173,MARYLAND,2011,"$13,247,697.00","$7,205,515.00","63,118","61,917","789,359","23,001","5,839,572","28,817","166,846"
174,MARYLAND,2012,"$13,212,140.00","$7,140,620.00","63,703","60,908","792,742","21,810","5,884,868","28,086","162,309"
175,MARYLAND,2013,"$13,284,637.00","$7,303,090.00","64,629","62,322","798,621","21,705","5,938,737","28,235","157,918"
176,MARYLAND,2014,"$13,712,839.00","$7,475,952.00","65,382","61,747","808,314","21,266","5,976,407","26,661","149,859"
177,MARYLAND,2015,"$13,882,823.00","$7,686,024.00","66,910","63,777","814,671","20,951","6,006,401","27,462","139,048"
178,MASSACHUSETTS,2008,"$14,631,545.00","$8,479,345.00","70,666","73,170","889,647","11,174","6,497,967","30,137","155,919"
179,MASSACHUSETTS,2009,"$15,174,814.00","$8,885,949.00","71,078","72,093","887,862","11,156","6,593,587","30,503","153,178"
180,MASSACHUSETTS,2010,"$14,857,823.00","$8,479,433.00","71,140","71,588","887,191","11,162","6,555,466","30,737","154,496"
181,MASSACHUSETTS,2011,"$15,150,898.00","$8,685,894.00","70,404","72,758","884,414","11,467","6,607,003","28,232","148,829"
182,MASSACHUSETTS,2012,"$15,696,061.00","$8,801,567.00","70,952","72,048","884,028","11,127","6,645,303","27,047","143,325"
183,MASSACHUSETTS,2013,"$16,201,905.00","$9,097,982.00","70,862","72,116","884,756","10,622","6,708,874","27,264","137,274"
184,MASSACHUSETTS,2014,"$16,518,383.00","$9,407,351.00","69,922","72,190","886,986","10,447","6,745,408","26,399","125,267"
185,MASSACHUSETTS,2015,"$16,972,319.00","$9,774,884.00","70,892","72,176","895,431","9,493","6,794,422","26,562","114,871"
186,MICHIGAN,2001,"$17,573,761.00","$8,136,476.00","131,673","129,908","1,569,618","48,849","10,006,266","55,424","352,353"
187,MICHIGAN,2002,"$18,881,772.00","$8,402,799.00","131,504","135,649","1,607,558","50,591","10,043,221","54,306","335,060"
188,MICHIGAN,2003,"$19,680,370.00","$8,725,075.00","127,659","139,797","1,582,187","49,358","10,082,364","51,550","330,565"
189,MICHIGAN,2004,"$20,060,708.00","$9,094,564.00","125,319","137,898","1,574,380","48,831","10,104,206","49,737","309,805"
190,MICHIGAN,2005,"$20,489,512.00","$9,269,314.00","121,830","134,113","1,572,460","49,493","10,100,833","55,936","312,892"
191,MICHIGAN,2006,"$20,626,758.00","$9,400,832.00","120,173","130,582","1,554,514","51,515","10,095,643","56,981","325,594"
192,MICHIGAN,2007,"$19,839,838.00","$9,608,836.00","118,931","126,608","1,547,380","50,233","10,071,822","53,765","308,550"
193,MICHIGAN,2008,"$20,703,780.00","$9,608,877.00","117,432","123,823","1,517,746","48,738","10,003,422","51,512","295,100"
194,MICHIGAN,2009,"$19,992,550.00","$9,422,685.00","118,702","121,463","1,507,838","45,478","9,969,727","49,825","284,019"
195,MICHIGAN,2010,"$19,967,017.00","$9,457,233.00","115,722","118,831","1,466,286","44,113","9,877,143","48,693","271,501"
196,MICHIGAN,2011,"$18,469,948.00","$9,198,775.00","112,465","118,628","1,457,648","42,904","9,876,801","43,731","251,329"
197,MICHIGAN,2012,"$18,063,824.00","$9,070,480.00","112,068","117,640","1,443,778","43,594","9,882,519","44,962","249,249"
198,MICHIGAN,2013,"$17,468,264.00","$8,885,537.00","113,420","118,440","1,438,772","43,704","9,898,193","44,757","230,135"
199,MICHIGAN,2014,"$17,358,365.00","$8,858,564.00","110,135","116,804","1,428,487","43,359","9,909,877","42,348","202,547"
200,MICHIGAN,2015,"$17,742,903.00","$9,040,821.00","111,267","113,640","1,419,183","42,628","9,922,576","41,231","187,101"
201,MINNESOTA,2001,"$8,221,636.00","$3,981,906.00","62,580","66,797","793,027","6,406","4,984,535","13,145","165,046"
202,MINNESOTA,2002,"$8,716,123.00","$4,113,812.00","61,634","66,999","788,134","6,855","5,024,791","13,428","164,026"
203,MINNESOTA,2003,"$8,938,770.00","$4,318,736.00","60,045","67,909","783,524","7,569","5,064,172","13,316","157,663"
204,MINNESOTA,2004,"$8,963,393.00","$4,506,036.00","59,338","66,016","779,846","7,983","5,096,546","13,751","155,019"
205,MINNESOTA,2005,"$9,082,593.00","$4,637,773.00","58,563","65,416","779,313","8,718","5,126,739","15,243","158,301"
206,MINNESOTA,2006,"$9,671,933.00","$4,818,788.00","59,257","64,619","779,853","8,814","5,167,101","16,042","159,276"
207,MINNESOTA,2007,"$10,030,105.00","$5,048,143.00","59,431","63,189","777,438","9,192","5,197,621","15,054","158,257"
208,MINNESOTA,2008,"$10,462,624.00","$5,242,058.00","59,822","62,080","774,066","9,031","5,220,393","13,853","149,517"
209,MINNESOTA,2009,"$11,193,640.00","$5,815,987.00","60,640","61,281","773,942","9,500","5,266,214","12,874","139,286"
210,MINNESOTA,2010,"$10,564,774.00","$5,676,045.00","61,627","61,706","775,076","9,397","5,310,658","12,515","136,431"
211,MINNESOTA,2011,"$10,612,480.00","$5,644,771.00","60,917","61,574","775,605","9,309","5,347,299","12,323","136,183"
212,MINNESOTA,2012,"$10,696,348.00","$5,672,620.00","62,523","62,335","779,659","9,421","5,379,646","12,419","138,152"
213,MINNESOTA,2013,"$10,942,019.00","$5,826,404.00","63,979","62,899","785,355","9,391","5,422,060","12,710","131,193"
214,MINNESOTA,2014,"$11,300,786.00","$5,986,788.00","63,781","63,805","792,781","9,576","5,457,173","12,505","125,377"
215,MINNESOTA,2015,"$11,969,872.00","$6,257,807.00","65,362","63,075","800,793","9,578","5,489,594","13,319","121,984"
216,MISSISSIPPI,2001,"$2,930,393.00","$1,548,979.00","39,749","36,731","442,380","15,131","2,859,733","10,006","109,609"
217,MISSISSIPPI,2002,"$3,026,111.00","$1,586,661.00","39,615","37,282","441,857","15,355","2,866,733","9,858","109,584"
218,MISSISSIPPI,2003,"$3,205,193.00","$1,702,193.00","38,752","38,231","441,603","15,863","2,882,594","9,336","106,867"
219,MISSISSIPPI,2004,"$3,473,928.00","$1,831,472.00","38,311","39,115","442,997","16,359","2,900,768","8,568","100,980"
220,MISSISSIPPI,2005,"$3,610,904.00","$1,935,459.00","36,787","38,907","442,829","16,089","2,908,496","8,131","95,231"
221,MISSISSIPPI,2006,"$4,066,036.00","$2,096,028.00","36,873","38,819","445,148","16,384","2,910,540","9,076","92,853"
222,MISSISSIPPI,2007,"$4,158,733.00","$2,160,396.00","37,274","37,948","446,782","17,478","2,918,785","8,502","90,887"
223,MISSISSIPPI,2008,"$4,363,308.00","$2,286,231.00","38,159","37,889","445,607","17,896","2,938,618","8,942","85,488"
224,MISSISSIPPI,2009,"$4,552,756.00","$2,317,710.00","39,651","36,577","445,319","17,212","2,951,996","8,451","87,327"
225,MISSISSIPPI,2010,"$4,504,257.00","$2,337,184.00","38,295","36,113","443,446","16,454","2,970,072","7,999","88,596"
226,MISSISSIPPI,2011,"$4,345,783.00","$2,238,165.00","37,715","36,071","441,072","15,390","2,977,457","8,009","89,809"
227,MISSISSIPPI,2012,"$4,423,270.00","$2,291,333.00","36,663","36,745","441,846","15,791","2,986,450","7,769","83,933"
228,MISSISSIPPI,2013,"$4,370,050.00","$2,274,357.00","36,959","37,896","441,726","15,591","2,992,206","8,303","81,548"
229,MISSISSIPPI,2014,"$4,463,078.00","$2,279,076.00","36,620","36,791","442,599","13,069","2,994,079","8,338","87,462"
230,MISSISSIPPI,2015,"$4,624,539.00","$2,350,872.00","36,092","35,922","441,733","13,967","2,992,333","8,254","84,790"
231,MISSOURI,2001,"$7,100,685.00","$3,659,465.00","71,928","69,677","840,352","28,575","5,637,309","30,472","238,411"
232,MISSOURI,2002,"$7,636,924.00","$3,901,665.00","69,697","71,670","839,749","29,795","5,669,544","30,557","230,520"
233,MISSOURI,2003,"$7,905,481.00","$4,087,984.00","66,927","72,806","838,568","29,864","5,719,204","28,067","233,564"
234,MISSOURI,2004,"$7,896,438.00","$4,061,388.00","66,284","73,619","841,121","30,682","5,759,532","28,226","224,629"
235,MISSOURI,2005,"$8,170,965.00","$4,224,716.00","66,215","74,436","849,484","30,415","5,797,703","30,477","227,809"
236,MISSOURI,2006,"$8,654,672.00","$4,483,151.00","66,268","72,023","852,480","30,116","5,842,713","31,897","224,007"
237,MISSOURI,2007,"$9,245,525.00","$4,743,390.00","67,996","68,636","849,874","29,823","5,878,415","32,962","225,113"
238,MISSOURI,2008,"$9,900,419.00","$5,004,354.00","67,620","68,030","850,181","30,137","5,911,605","29,701","216,522"
239,MISSOURI,2009,"$10,227,305.00","$5,175,127.00","68,730","67,430","848,966","30,519","5,987,580","29,513","201,783"
240,MISSOURI,2010,"$10,139,784.00","$5,237,387.00","68,313","66,944","849,334","30,577","5,995,715","27,440","200,858"
241,MISSOURI,2011,"$9,842,505.00","$5,100,879.00","67,274","68,413","846,720","30,969","6,008,984","26,888","199,085"
242,MISSOURI,2012,"$9,910,617.00","$5,056,789.00","67,493","68,057","846,122","31,205","6,024,522","27,189","199,813"
243,MISSOURI,2013,"$10,001,763.00","$5,139,610.00","67,908","68,401","847,443","31,499","6,044,917","26,216","189,655"
244,MISSOURI,2014,"$10,324,249.00","$5,243,167.00","68,210","67,879","849,032","31,903","6,063,589","26,856","176,237"
245,MISSOURI,2015,"$10,540,353.00","$5,387,766.00","69,134","67,126","852,108","32,295","6,083,672","30,261","173,642"
246,NEBRASKA,2001,"$2,344,564.00","$1,256,013.00","21,160","21,757","264,861","3,915","1,720,039","5,214","68,963"
247,NEBRASKA,2002,"$2,562,812.00","$1,338,653.00","20,874","21,943","264,962","4,048","1,727,564","5,428","68,178"
248,NEBRASKA,2003,"$2,623,966.00","$1,414,919.00","20,480","22,792","264,823","4,073","1,737,475","5,105","65,189"
249,NEBRASKA,2004,"$2,667,987.00","$1,471,641.00","20,429","22,267","264,556","4,137","1,747,704","5,393","61,512"
250,NEBRASKA,2005,"$2,708,776.00","$1,487,488.00","20,290","21,998","264,758","4,405","1,758,163","5,052","60,348"
251,NEBRASKA,2006,"$2,867,250.00","$1,570,629.00","20,338","21,622","265,500","4,399","1,768,331","5,197","59,411"
252,NEBRASKA,2007,"$3,117,931.00","$1,673,992.00","20,519","21,047","268,656","4,402","1,774,571","5,524","55,765"
253,NEBRASKA,2008,"$3,325,663.00","$1,784,350.00","20,939","20,958","269,800","4,470","1,783,432","5,570","51,350"
254,NEBRASKA,2009,"$3,523,803.00","$1,887,427.00","21,517","20,834","271,791","4,490","1,796,619","5,199","49,731"
255,NEBRASKA,2010,"$3,640,199.00","$2,089,854.00","21,901","20,875","275,089","4,608","1,830,141","5,093","48,827"
256,NEBRASKA,2011,"$3,676,326.00","$2,101,943.00","22,279","21,115","277,501","4,657","1,842,234","4,672","50,894"
257,NEBRASKA,2012,"$3,880,517.00","$2,247,992.00","22,583","21,438","281,410","4,721","1,855,350","4,802","51,203"
258,NEBRASKA,2013,"$3,913,038.00","$2,318,463.00","23,097","22,089","283,652","5,012","1,868,969","4,949","49,197"
259,NEBRASKA,2014,"$4,008,633.00","$2,371,149.00","22,921","22,374","288,684","5,228","1,881,503","5,275","47,479"
260,NEBRASKA,2015,"$4,283,846.00","$2,446,701.00","23,366","22,656","292,640","5,133","1,896,190","5,212","42,495"
261,NEVADA,2001,"$2,692,840.00","$1,171,360.00","29,676","27,028","329,264","9,862","2,097,722","12,359","77,486"
262,NEVADA,2002,"$2,913,023.00","$1,343,669.00","29,953","29,242","341,498","10,101","2,167,455","13,856","83,896"
263,NEVADA,2003,"$3,009,028.00","$1,406,660.00","30,653","31,392","356,215","10,584","2,242,207","13,813","96,128"
264,NEVADA,2004,"$3,228,619.00","$1,544,881.00","31,950","32,472","369,666","11,033","2,332,898","14,379","98,215"
265,NEVADA,2005,"$3,483,540.00","$1,665,706.00","32,222","33,502","381,408","11,662","2,412,301","14,654","102,424"
266,NEVADA,2006,"$4,022,979.00","$1,840,698.00","32,711","33,586","391,927","12,754","2,495,529","18,687","102,338"
267,NEVADA,2007,"$4,346,371.00","$2,047,045.00","33,760","34,121","396,462","13,311","2,565,382","19,365","97,118"
268,NEVADA,2008,"$4,881,218.00","$2,094,491.00","34,099","34,394","400,895","12,877","2,600,167","18,973","90,006"
269,NEVADA,2009,"$4,577,881.00","$2,145,779.00","33,664","33,291","396,431","12,570","2,643,085","18,639","80,976"
270,NEVADA,2010,"$4,260,869.00","$2,117,135.00","34,047","33,070","404,048","12,192","2,704,283","17,929","75,004"
271,NEVADA,2011,"$4,258,855.00","$2,161,550.00","33,608","33,745","405,467","12,159","2,720,028","15,452","70,075"
272,NEVADA,2012,"$4,109,706.00","$2,049,362.00","33,462","34,192","409,982","12,594","2,754,354","16,763","77,510"
273,NEVADA,2013,"$4,057,443.00","$2,058,538.00","33,827","34,541","415,933","12,789","2,791,494","16,888","79,177"
274,NEVADA,2014,"$4,043,820.00","$2,104,452.00","34,993","35,318","424,312","12,693","2,839,099","18,045","74,538"
275,NEVADA,2015,"$4,183,085.00","$2,170,424.00","36,474","35,802","432,192","13,235","2,890,845","20,118","77,137"
276,NEW_HAMPSHIRE,2001,"$1,796,043.00","$937,479.00","16,612","17,111","196,545","2,419","1,259,359","2,144","27,089"
277,NEW_HAMPSHIRE,2002,"$1,956,047.00","$1,047,490.00","15,939","17,421","197,293","2,475","1,274,405","2,056","26,250"
278,NEW_HAMPSHIRE,2007,"$2,608,190.00","$1,395,619.00","15,026","16,218","190,283","2,759","1,315,828","1,896","26,394"
279,NEW_HAMPSHIRE,2008,"$2,715,961.00","$1,495,009.00","14,613","15,783","186,966","2,854","1,315,809","2,054","28,387"
280,NEW_HAMPSHIRE,2009,"$2,757,401.00","$1,546,316.00","14,560","15,517","185,171","2,915","1,324,575","2,125","28,790"
281,NEW_HAMPSHIRE,2010,"$2,856,965.00","$1,612,216.00","14,294","15,407","182,741","2,617","1,316,807","2,204","29,230"
282,NEW_HAMPSHIRE,2011,"$3,001,244.00","$1,654,129.00","14,190","15,164","179,985","2,423","1,317,807","2,864","32,756"
283,NEW_HAMPSHIRE,2012,"$2,961,684.00","$1,654,634.00","13,907","14,784","177,082","2,568","1,321,617","2,841","32,074"
284,NEW_HAMPSHIRE,2013,"$2,878,534.00","$1,642,945.00","13,953","14,690","174,695","2,623","1,322,616","2,952","29,278"
285,NEW_HAMPSHIRE,2014,"$2,960,615.00","$1,682,021.00","13,590","14,423","173,072","2,723","1,326,813","2,602","26,041"
286,NEW_JERSEY,2001,"$17,144,456.00","$8,782,754.00","101,038","97,127","1,173,513","26,052","8,511,116","33,094","240,551"
287,NEW_JERSEY,2002,"$18,155,147.00","$9,328,162.00","101,577","101,559","1,202,875","26,301","8,575,252","32,252","227,715"
288,NEW_JERSEY,2003,"$19,812,932.00","$10,169,992.00","99,937","103,603","1,217,125","25,718","8,642,412","31,488","220,350"
289,NEW_JERSEY,2004,"$21,467,607.00","$10,880,932.00","100,557","104,437","1,238,767","25,435","8,685,166","30,943","211,313"
290,NEW_JERSEY,2005,"$23,023,365.00","$11,575,456.00","98,565","103,587","1,241,033","25,619","8,703,150","30,919","203,391"
291,NEW_JERSEY,2006,"$24,177,714.00","$12,309,954.00","98,149","102,827","1,236,155","25,554","8,724,560","30,550","198,820"
292,NEW_JERSEY,2007,"$25,572,112.00","$13,250,745.00","98,195","100,884","1,234,575","25,354","8,685,920","28,544","192,338"
293,NEW_JERSEY,2008,"$26,168,480.00","$13,739,017.00","99,242","100,894","1,235,800","24,835","8,682,661","28,351","199,127"
294,NEW_JERSEY,2009,"$26,145,334.00","$13,800,343.00","99,911","100,749","1,249,534","24,115","8,707,739","27,113","180,752"
295,NEW_JERSEY,2010,"$26,736,651.00","$14,481,471.00","98,641","99,630","1,253,275","24,488","8,799,593","27,055","183,042"
296,NEW_JERSEY,2011,"$25,716,298.00","$14,113,108.00","96,459","98,968","1,213,821","23,642","8,834,773","27,203","189,719"
297,NEW_JERSEY,2012,"$26,432,652.00","$14,491,817.00","98,152","100,052","1,224,171","23,050","8,867,749","25,727","181,481"
298,NEW_JERSEY,2013,"$28,179,900.00","$15,489,942.00","98,832","99,950","1,227,423","22,263","8,911,502","25,748","167,634"
299,NEW_JERSEY,2014,"$27,742,203.00","$14,956,606.00","97,428","99,751","1,249,593","21,394","8,938,175","23,346","154,993"
300,NEW_JERSEY,2015,"$28,809,725.00","$15,339,450.00","98,565","98,128","1,255,517","20,294","8,958,013","22,879","145,701"
301,NEW_YORK,2001,"$38,062,603.00","$22,052,316.00","214,283","210,369","2,548,448","67,554","19,084,350","98,022","458,003"
302,NEW_YORK,2002,"$39,585,780.00","$23,167,459.00","212,414","215,632","2,556,836","66,925","19,134,293","95,030","442,091"
303,NEW_YORK,2003,"$41,603,390.00","$24,786,376.00","206,912","219,335","2,543,604","65,388","19,212,425","89,486","432,079"
304,NEW_YORK,2004,"$42,953,568.00","$25,761,741.00","202,267","218,176","2,543,681","64,024","19,280,727","84,914","422,734"
305,NEW_YORK,2005,"$45,086,872.00","$27,866,708.00","196,279","216,226","2,518,645","63,032","19,315,721","85,839","405,990"
306,NEW_YORK,2006,"$48,359,774.00","$29,589,517.00","192,095","210,851","2,499,302","63,538","19,306,183","84,016","398,577"
307,NEW_YORK,2007,"$51,253,984.00","$31,465,706.00","191,647","205,135","2,472,162","62,738","19,297,729","79,962","383,624"
308,NEW_YORK,2008,"$54,870,811.00","$33,446,544.00","190,067","201,895","2,442,725","60,198","19,490,297","77,546","388,599"
309,NEW_YORK,2009,"$57,851,481.00","$35,195,372.00","193,473","198,690","2,459,460","58,479","19,541,453","75,110","377,537"
310,NEW_YORK,2010,"$60,067,253.00","$36,628,097.00","198,720","203,761","2,513,244","56,420","19,395,206","76,492","379,710"
311,NEW_YORK,2011,"$59,446,908.00","$37,834,196.00","196,082","201,190","2,477,088","55,196","19,501,616","77,463","371,837"
312,NEW_YORK,2012,"$60,216,421.00","$38,431,932.00","198,361","200,642","2,476,225","54,058","19,576,125","79,535","375,268"
313,NEW_YORK,2013,"$60,505,950.00","$38,756,656.00","196,988","203,267","2,476,295","53,312","19,695,680","77,563","358,603"
314,NEW_YORK,2014,"$62,556,193.00","$40,168,920.00","197,545","200,384","2,492,829","52,362","19,746,227","75,398","339,282"
315,NEW_YORK,2015,"$65,094,591.00","$41,954,260.00","199,866","197,997","2,471,847","51,485","19,791,256","74,856","322,253"
316,NORTH_CAROLINA,2001,"$9,807,815.00","$5,187,906.00","106,093","102,126","1,212,591","32,203","8,206,105","40,465","363,777"
317,NORTH_CAROLINA,2002,"$9,882,399.00","$5,339,340.00","103,726","106,126","1,231,111","32,918","8,305,820","39,118","353,708"
318,NORTH_CAROLINA,2003,"$9,989,670.00","$5,517,870.00","105,411","108,717","1,250,873","33,874","8,421,190","38,243","359,660"
319,NORTH_CAROLINA,2004,"$10,263,463.00","$5,585,476.00","104,337","109,979","1,274,001","35,544","8,540,468","38,244","355,328"
320,NORTH_CAROLINA,2005,"$10,917,913.00","$6,160,224.00","105,392","111,894","1,299,607","36,646","8,672,459","40,650","353,855"
321,NORTH_CAROLINA,2006,"$11,725,031.00","$6,342,589.00","108,731","110,965","1,326,038","37,725","8,856,505","42,088","364,549"
322,NORTH_CAROLINA,2007,"$12,794,086.00","$6,987,589.00","115,076","114,543","1,368,494","38,240","9,061,032","42,231","369,893"
323,NORTH_CAROLINA,2008,"$13,731,201.00","$7,229,214.00","114,909","111,050","1,371,363","39,957","9,222,414","43,125","372,763"
324,NORTH_CAROLINA,2009,"$14,868,070.00","$7,943,541.00","116,876","109,864","1,377,905","40,133","9,380,884","37,946","343,707"
325,NORTH_CAROLINA,2010,"$14,162,497.00","$7,637,844.00","118,617","111,112","1,374,033","40,375","9,560,234","34,679","329,202"
326,NORTH_CAROLINA,2011,"$13,767,024.00","$7,566,249.00","116,325","113,238","1,389,920","39,662","9,651,103","33,421","337,806"
327,NORTH_CAROLINA,2012,"$13,418,244.00","$7,521,325.00","116,264","115,147","1,397,076","37,378","9,748,364","34,464","328,594"
328,NORTH_CAROLINA,2013,"$13,650,536.00","$7,681,386.00","108,034","117,965","1,408,648","37,176","9,848,917","33,587","305,631"
329,NORTH_CAROLINA,2014,"$13,540,706.00","$7,573,296.00","115,539","119,636","1,427,601","37,348","9,943,964","32,767","285,697"
330,NORTH_CAROLINA,2015,"$14,060,699.00","$7,960,222.00","118,617","117,902","1,427,086","36,888","10,042,802","34,852","276,183"
331,NORTH_DAKOTA,2001,"$814,838.00","$419,201.00","7,759","8,514","98,988","1,088","636,550",505,"14,834"
332,NORTH_DAKOTA,2002,"$838,666.00","$435,631.00","7,567","8,374","97,212","1,117","633,911",496,"14,762"
333,NORTH_DAKOTA,2003,"$895,278.00","$448,720.00","7,219","8,245","95,342","1,100","633,400",508,"13,364"
334,NORTH_DAKOTA,2004,"$957,480.00","$481,403.00","7,069","8,127","93,870","1,130","636,308",558,"12,493"
335,NORTH_DAKOTA,2005,"$985,502.00","$501,563.00","7,016","7,993","91,704","1,318","634,605",706,"12,848"
336,NORTH_DAKOTA,2006,"$1,017,084.00","$513,113.00","6,931","7,874","90,020","1,337","635,867","1,255","13,359"
337,NORTH_DAKOTA,2007,"$1,042,175.00","$523,778.00","6,935","7,472","88,329","1,392","639,715","1,343","12,796"
338,NORTH_DAKOTA,2008,"$1,085,970.00","$552,250.00","6,812","7,364","87,511","1,379","641,481","1,441","13,029"
339,NORTH_DAKOTA,2009,"$1,137,260.00","$579,830.00","6,547","7,308","87,601","1,436","646,844","1,723","12,813"
340,NORTH_DAKOTA,2010,"$1,267,426.00","$627,378.00","6,974","7,298","88,874","1,416","674,629","1,548","12,010"
341,NORTH_DAKOTA,2011,"$1,312,226.00","$660,944.00","7,028","7,436","89,410","1,385","684,740","1,699","13,334"
342,NORTH_DAKOTA,2012,"$1,380,563.00","$685,786.00","7,380","7,500","92,533","1,413","701,345","1,723","14,297"
343,NORTH_DAKOTA,2013,"$1,516,575.00","$718,970.00","7,824","7,352","95,125","1,576","723,857","1,979","15,356"
344,NORTH_DAKOTA,2014,"$1,597,210.00","$758,669.00","7,995","7,652","97,555","1,696","739,482","1,960","15,605"
345,NORTH_DAKOTA,2015,"$1,804,762.00","$825,445.00","8,435","7,735","99,715","1,772","756,927","1,812","16,020"
346,OHIO,2009,"$22,427,481.00","$10,734,314.00","133,751","134,169","1,633,183","50,783","11,542,645","38,305","376,446"
347,OHIO,2010,"$22,701,333.00","$10,976,072.00","133,202","133,210","1,624,227","51,709","11,537,968","36,306","376,836"
348,OHIO,2011,"$23,010,396.00","$11,074,360.00","130,406","134,219","1,608,707","50,961","11,541,007","35,218","380,572"
349,OHIO,2012,"$22,662,376.00","$10,861,218.00","129,295","133,955","1,598,042","50,872","11,553,031","34,827","370,435"
350,OHIO,2013,"$22,015,797.00","$10,800,145.00","128,668","135,042","1,593,108","51,711","11,572,005","33,722","338,414"
351,OHIO,2014,"$21,847,582.00","$11,350,255.00","125,215","134,275","1,595,797","51,521","11,594,163","33,030","324,528"
352,OKLAHOMA,2001,"$4,288,405.00","$2,119,420.00","47,164","45,745","575,422","21,719","3,469,577","17,726","141,679"
353,OKLAHOMA,2002,"$4,467,944.00","$2,193,731.00","45,662","46,805","575,501","21,996","3,489,700","17,587","148,128"
354,OKLAHOMA,2003,"$4,376,502.00","$2,158,574.00","44,829","47,258","575,495","22,688","3,506,469","17,758","151,208"
355,OKLAHOMA,2004,"$4,400,069.00","$2,141,737.00","44,372","47,270","577,722","22,621","3,523,546","17,635","149,472"
356,OKLAHOMA,2005,"$4,785,987.00","$2,303,527.00","44,194","47,812","582,270","22,907","3,543,442","18,044","143,406"
357,OKLAHOMA,2006,"$5,094,695.00","$2,437,935.00","45,369","46,050","586,051","22,873","3,579,212","17,905","129,728"
358,OKLAHOMA,2007,"$5,505,213.00","$2,688,963.00","46,787","45,831","589,175","23,778","3,617,316","18,234","128,714"
359,OKLAHOMA,2008,"$5,667,749.00","$2,773,416.00","47,245","45,149","592,962","23,676","3,642,361","19,359","126,535"
360,OKLAHOMA,2009,"$5,941,799.00","$2,836,912.00","48,457","45,268","602,081","24,053","3,687,050","18,560","132,350"
361,OKLAHOMA,2010,"$5,971,651.00","$2,900,568.00","48,519","45,737","605,999","24,147","3,760,184","18,100","129,464"
362,OKLAHOMA,2011,"$5,644,988.00","$2,866,601.00","48,690","47,321","611,091","23,750","3,784,163","17,311","127,618"
363,OKLAHOMA,2012,"$5,594,867.00","$2,736,786.00","49,274","47,856","616,436","24,370","3,815,780","18,102","130,969"
364,OKLAHOMA,2013,"$5,796,945.00","$2,800,189.00","49,603","48,583","624,979","25,364","3,853,118","17,187","126,418"
365,OKLAHOMA,2014,"$6,026,661.00","$2,833,650.00","47,577","48,487","631,594","26,493","3,878,051","15,744","115,982"
366,OREGON,2001,"$4,715,944.00","$2,435,402.00","42,726","42,988","511,036","10,950","3,473,441","10,650","164,524"
367,OREGON,2002,"$4,980,466.00","$2,475,697.00","41,704","44,156","513,401","11,650","3,520,355","10,298","161,145"
368,OREGON,2003,"$4,978,764.00","$2,458,415.00","40,903","44,711","509,634","12,207","3,564,330","10,506","169,863"
369,OREGON,2004,"$5,393,871.00","$2,498,566.00","41,298","44,802","512,477","12,652","3,591,363","10,724","166,475"
370,OREGON,2005,"$5,597,579.00","$2,671,228.00","42,071","44,046","511,318","12,887","3,638,871","10,444","160,199"
371,OREGON,2006,"$5,386,128.00","$2,834,418.00","41,754","43,312","521,971","13,191","3,700,758","10,534","137,858"
372,OREGON,2007,"$5,634,955.00","$2,999,104.00","42,750","43,018","524,882","13,373","3,747,455","11,015","132,773"
373,OREGON,2008,"$6,407,512.00","$3,217,111.00","43,272","43,339","534,837","13,541","3,790,060","9,909","125,169"
374,OREGON,2009,"$6,715,011.00","$3,291,310.00","43,059","43,261","542,276","13,735","3,825,657","9,968","114,780"
375,OREGON,2010,"$6,398,065.00","$3,246,437.00","42,924","42,834","530,064","13,859","3,838,332","9,648","116,657"
376,OREGON,2011,"$6,317,635.00","$3,261,190.00","42,072","43,653","526,730","13,728","3,868,229","9,643","121,869"
377,OREGON,2012,"$6,314,092.00","$3,250,376.00","42,401","43,578","544,922","14,123","3,899,801","9,638","126,417"
378,OREGON,2013,"$6,228,197.00","$3,261,733.00","42,858","43,522","550,272","14,605","3,928,068","9,536","125,083"
379,OREGON,2014,"$6,453,635.00","$3,437,466.00","42,942","43,521","559,673","14,492","3,970,239","9,224","114,305"
380,PENNSYLVANIA,2001,"$18,666,522.00","$9,182,658.00","140,722","146,138","1,696,621","37,641","12,303,104","50,432","313,408"
381,PENNSYLVANIA,2002,"$20,018,554.00","$9,673,879.00","138,365","147,829","1,693,755","39,724","12,328,827","49,578","300,868"
382,PENNSYLVANIA,2003,"$20,626,459.00","$10,151,195.00","135,765","150,652","1,696,541","40,879","12,370,761","49,210","300,639"
383,PENNSYLVANIA,2004,"$22,054,811.00","$10,695,295.00","133,418","151,250","1,697,674","40,506","12,394,471","50,998","299,611"
384,PENNSYLVANIA,2005,"$23,183,924.00","$11,284,717.00","131,236","148,957","1,699,175","41,941","12,405,348","52,761","300,444"
385,PENNSYLVANIA,2006,"$24,195,122.00","$11,675,380.00","129,546","146,393","1,739,787","43,971","12,440,621","55,028","304,589"
386,PENNSYLVANIA,2007,"$25,627,083.00","$11,994,620.00","129,837","143,406","1,677,408","45,530","12,432,792","51,806","293,850"
387,PENNSYLVANIA,2008,"$26,597,713.00","$12,375,013.00","130,592","139,173","1,646,438","48,736","12,448,279","51,044","300,294"
388,PENNSYLVANIA,2009,"$27,328,680.00","$12,803,821.00","132,213","137,072","1,654,555","50,485","12,604,767","48,188","277,182"
389,PENNSYLVANIA,2010,"$28,231,191.00","$13,442,543.00","132,497","135,876","1,662,974","48,087","12,717,722","46,612","276,366"
390,PENNSYLVANIA,2011,"$28,810,721.00","$13,761,915.00","129,845","135,598","1,639,823","49,710","12,743,948","46,189","283,442"
391,PENNSYLVANIA,2012,"$27,851,918.00","$13,450,420.00","131,315","136,775","1,630,976","50,228","12,764,475","45,384","276,562"
392,PENNSYLVANIA,2013,"$28,495,118.00","$15,456,205.00","132,216","137,287","1,625,876","49,971","12,781,296","42,825","263,176"
393,PENNSYLVANIA,2014,"$28,620,630.00","$15,352,999.00","129,927","135,683","1,615,762","49,174","12,787,209","40,164","247,016"
394,PENNSYLVANIA,2015,"$29,690,645.00","$16,058,338.00","130,671","131,505","1,596,540","48,846","12,802,503","40,339","232,085"
395,SOUTH_CAROLINA,2001,"$5,492,539.00","$2,660,503.00","53,831","53,043","630,143","21,719","4,062,125","33,114","186,054"
396,SOUTH_CAROLINA,2002,"$5,897,462.00","$2,832,106.00","54,242","56,201","645,071","22,896","4,103,770","33,761","183,808"
397,SOUTH_CAROLINA,2003,"$6,024,747.00","$2,888,468.00","52,715","53,384","648,213","22,942","4,148,744","33,455","187,592"
398,SOUTH_CAROLINA,2004,"$6,138,231.00","$2,971,895.00","51,999","56,641","651,409","22,650","4,197,892","33,160","190,456"
399,SOUTH_CAROLINA,2005,"$6,572,191.00","$3,134,658.00","50,408","55,701","648,739","22,456","4,246,933","32,590","185,606"
400,SOUTH_CAROLINA,2006,"$7,148,083.00","$3,310,899.00","51,217","55,222","654,867","22,930","4,321,249","33,322","184,712"
401,SOUTH_CAROLINA,2007,"$7,660,995.00","$3,481,608.00","52,715","54,067","660,003","23,578","4,407,709","34,630","189,304"
402,SOUTH_CAROLINA,2008,"$8,167,262.00","$3,745,507.00","53,996","53,446","665,645","23,685","4,479,800","32,746","189,950"
403,SOUTH_CAROLINA,2009,"$8,427,391.00","$3,854,229.00","55,671","52,711","669,528","23,685","4,561,242","30,799","178,310"
404,SOUTH_CAROLINA,2010,"$8,242,553.00","$3,797,945.00","55,636","52,904","671,214","23,009","4,637,106","27,923","181,098"
405,SOUTH_CAROLINA,2011,"$7,961,448.00","$3,689,782.00","54,157","54,243","671,121","22,363","4,673,348","27,894","183,243"
406,SOUTH_CAROLINA,2012,"$7,948,441.00","$3,749,691.00","54,058","55,365","677,357","21,867","4,723,417","26,474","181,049"
407,SOUTH_CAROLINA,2013,"$8,224,795.00","$3,933,177.00","54,672","56,762","687,431","21,534","4,771,929","24,263","173,261"
408,SOUTH_CAROLINA,2014,"$8,452,743.00","$4,035,914.00","55,741","57,025","698,241","20,948","4,832,482","24,052","167,217"
409,SOUTH_CAROLINA,2015,"$8,783,362.00","$4,123,140.00","57,740","56,150","708,144","20,457","4,896,146","24,700","161,245"
410,SOUTH_DAKOTA,2001,"$950,595.00","$471,683.00","9,641","9,997","118,194","2,799","758,324","1,171","16,473"
411,SOUTH_DAKOTA,2002,"$981,977.00","$485,846.00","9,519","10,051","118,927","2,943","760,437","1,350","15,992"
412,SOUTH_DAKOTA,2003,"$993,823.00","$499,480.00","9,140","10,082","116,336","3,019","764,905","1,329","15,324"
413,SOUTH_DAKOTA,2004,"$1,012,096.00","$521,961.00","8,862","9,715","113,541","3,053","770,621","1,319","14,885"
414,SOUTH_DAKOTA,2005,"$1,059,303.00","$539,413.00","8,883","9,576","112,542","3,346","774,883","1,387","13,694"
415,SOUTH_DAKOTA,2006,"$1,052,315.00","$552,199.00","8,866","9,510","111,544","3,316","781,919","2,071","13,812"
416,SOUTH_DAKOTA,2007,"$1,096,568.00","$573,916.00","8,935","9,248","111,918","3,276","796,214","1,926","13,829"
417,SOUTH_DAKOTA,2008,"$1,172,715.00","$609,848.00","9,234","9,446","116,114","3,352","804,194","2,227","13,867"
418,SOUTH_DAKOTA,2009,"$1,273,527.00","$645,912.00","9,245","9,251","113,153","3,390","812,383","1,777","14,378"
419,SOUTH_DAKOTA,2010,"$1,281,632.00","$660,064.00","9,140","9,275","115,079","3,393","816,598","2,196","15,188"
420,SOUTH_DAKOTA,2011,"$1,350,617.00","$661,519.00","9,364","9,139","116,641","3,562","823,593","2,105","15,299"
421,SOUTH_DAKOTA,2012,"$1,296,971.00","$649,023.00","9,657","9,408","118,570","3,596","834,047","2,701","17,326"
422,SOUTH_DAKOTA,2013,"$1,332,496.00","$663,258.00","9,842","9,531","118,992","3,612","845,510","2,733","16,274"
423,SOUTH_DAKOTA,2014,"$1,355,439.00","$696,235.00","10,366","9,441","121,272","3,507","853,175","2,786","15,902"
424,TENNESSEE,2001,"$6,165,661.00","$3,282,993.00","72,714","68,184","839,937","17,466","5,749,398","42,776","252,992"
425,TENNESSEE,2002,"$6,363,357.00","$3,478,604.00","71,300","70,650","842,008","18,297","5,789,796","41,562","249,399"
426,TENNESSEE,2003,"$6,482,671.00","$3,621,601.00","70,446","72,505","851,286","19,141","5,845,208","40,409","256,565"
427,TENNESSEE,2004,"$6,738,601.00","$3,843,346.00","70,555","73,233","851,848","19,331","5,893,298","41,113","254,991"
428,TENNESSEE,2005,"$7,067,521.00","$4,120,045.00","69,773","72,949","863,122","19,270","5,955,745","45,104","256,093"
429,TENNESSEE,2006,"$7,395,357.00","$4,248,091.00","71,857","72,892","886,214","19,312","6,038,803","46,043","249,860"
430,TENNESSEE,2007,"$7,817,659.00","$4,473,035.00","72,454","70,745","876,487","19,268","6,156,719","46,482","252,342"
431,TENNESSEE,2008,"$8,488,521.00","$4,709,467.00","75,091","72,255","895,794","19,379","6,214,888","44,913","251,089"
432,TENNESSEE,2009,"$8,611,178.00","$4,809,809.00","75,052","71,050","895,804","19,932","6,296,254","41,933","237,157"
433,TENNESSEE,2010,"$8,760,367.00","$4,934,044.00","75,481","71,475","910,780","20,037","6,357,436","38,909","232,855"
434,TENNESSEE,2011,"$8,961,443.00","$4,947,165.00","75,146","73,725","919,890","19,831","6,399,787","38,895","230,900"
435,TENNESSEE,2012,"$9,256,522.00","$5,151,260.00","74,425","74,459","912,310","19,817","6,454,914","41,213","217,925"
436,TENNESSEE,2013,"$9,248,235.00","$5,191,269.00","74,401","74,909","914,955","20,758","6,497,269","38,063","207,683"
437,TENNESSEE,2014,"$9,432,883.00","$5,296,570.00","75,248","74,883","920,515","20,815","6,549,352","39,848","200,447"
438,TENNESSEE,2015,"$9,562,527.00","$5,343,272.00","76,904","73,899","926,995","19,800","6,600,299","40,400","193,796"
439,TEXAS,2001,"$33,201,450.00","$15,916,451.00","318,842","310,762","3,860,588","148,480","21,370,983","122,155","976,654"
440,TEXAS,2002,"$35,668,486.00","$16,826,484.00","321,612","316,800","3,944,533","152,446","21,736,925","126,018","1,004,274"
441,TEXAS,2003,"$37,333,674.00","$18,009,879.00","321,788","324,381","4,008,249","153,056","22,103,374","122,246","1,016,735"
442,TEXAS,2004,"$38,150,452.00","$18,291,531.00","324,389","329,214","4,071,281","156,682","22,471,549","121,554","1,010,702"
443,TEXAS,2005,"$40,302,144.00","$18,950,703.00","329,969","335,824","4,175,270","157,081","22,928,508","121,091","990,293"
444,TEXAS,2006,"$43,394,244.00","$20,299,749.00","340,488","338,449","4,246,529","158,510","23,507,783","121,602","959,846"
445,TEXAS,2007,"$45,920,825.00","$21,061,312.00","346,491","332,671","4,318,126","158,576","23,904,380","122,014","985,421"
446,TEXAS,2008,"$50,205,827.00","$22,845,539.00","355,578","343,548","4,389,830","159,237","24,326,974","123,585","969,865"
447,TEXAS,2009,"$53,575,273.00","$23,895,853.00","368,175","346,524","4,480,777","158,542","24,782,302","121,684","995,082"
448,TEXAS,2010,"$53,810,244.00","$25,097,921.00","374,111","354,314","4,561,520","160,242","25,253,466","113,231","951,246"
449,TEXAS,2011,"$52,691,826.00","$25,155,007.00","375,756","360,279","4,621,024","159,956","25,631,778","104,734","892,810"
450,TEXAS,2012,"$50,215,314.00","$23,902,458.00","378,750","366,857","4,687,023","155,195","26,060,796","106,475","876,459"
451,TEXAS,2013,"$50,674,724.00","$24,226,519.00","383,586","379,786","4,761,971","155,377","26,505,637","108,757","862,289"
452,TEXAS,2014,"$53,096,761.00","$25,364,709.00","390,570","388,428","4,843,213","154,247","26,956,958","109,414","813,934"
453,TEXAS,2015,"$56,255,791.00","$26,745,844.00","397,085","386,627","4,924,653","152,492","27,469,114","113,227","777,739"
454,UTAH,2001,"$2,669,621.00","$1,438,459.00","36,411","35,786","437,016","4,145","2,278,712","5,314","90,993"
455,UTAH,2002,"$2,924,051.00","$1,534,954.00","35,481","35,547","439,845","4,285","2,318,789","5,488","97,641"
456,UTAH,2003,"$2,957,874.00","$1,508,566.00","36,064","36,386","444,537","4,623","2,352,119","5,889","100,084"
457,UTAH,2004,"$3,066,684.00","$1,552,853.00","37,888","37,674","462,519","4,720","2,420,708","5,647","97,762"
458,UTAH,2005,"$3,188,018.00","$1,632,553.00","38,635","38,463","466,123","5,058","2,490,334","5,612","95,546"
459,UTAH,2006,"$3,371,338.00","$1,709,307.00","40,477","37,743","479,868","5,031","2,550,063","5,771","89,572"
460,UTAH,2007,"$3,618,540.00","$1,816,456.00","44,748","41,114","528,653","5,165","2,645,330","6,347","93,082"
461,UTAH,2008,"$4,337,917.00","$2,068,264.00","44,546","40,261","512,732","5,132","2,736,424","6,165","92,373"
462,UTAH,2009,"$4,419,750.00","$2,169,434.00","45,610","40,997","523,902","5,244","2,784,572","5,998","91,751"
463,UTAH,2010,"$4,326,951.00","$2,117,551.00","46,127","42,227","537,509","5,442","2,775,479","5,925","88,316"
464,UTAH,2011,"$4,195,916.00","$2,157,337.00","46,758","43,971","549,879","5,294","2,814,347","5,547","84,084"
465,UTAH,2012,"$4,330,417.00","$2,161,779.00","48,362","45,387","562,901","5,309","2,854,871","5,939","86,284"
466,UTAH,2013,"$4,584,624.00","$2,361,179.00","49,041","46,409","575,075","5,382","2,902,787","6,644","88,334"
467,UTAH,2014,"$4,385,896.00","$2,336,613.00","49,173","46,969","586,736","5,307","2,942,902","6,346","84,711"
468,UTAH,2015,"$4,537,962.00","$2,367,650.00","50,918","47,904","599,577","4,831","2,995,919","7,071","89,278"
469,VIRGINIA,2001,"$9,862,715.00","$5,142,049.00","91,966","88,184","1,078,339","31,472","7,196,750","20,939","207,506"
470,VIRGINIA,2002,"$10,209,197.00","$5,373,701.00","91,186","92,641","1,092,903","30,937","7,287,829","21,256","207,783"
471,VIRGINIA,2003,"$10,746,679.00","$5,661,291.00","90,729","95,586","1,105,346","30,915","7,365,284","20,490","200,449"
472,VIRGINIA,2004,"$11,404,055.00","$6,006,830.00","89,742","96,540","1,117,516","31,072","7,481,332","20,608","200,368"
473,VIRGINIA,2005,"$12,385,157.00","$6,565,022.00","88,883","95,716","1,124,189","30,722","7,564,327","21,434","200,404"
474,VIRGINIA,2006,"$13,481,336.00","$7,024,659.00","88,527","95,083","1,130,796","30,823","7,642,884","21,683","190,257"
475,VIRGINIA,2007,"$14,700,853.00","$7,630,837.00","90,397","93,896","1,141,201","32,977","7,712,091","21,035","191,763"
476,VIRGINIA,2008,"$15,236,306.00","$8,003,167.00","32,782","32,743","407,254","32,585","7,769,089","20,031","196,726"
477,VIRGINIA,2009,"$15,510,318.00","$8,194,237.00","93,708","92,075","1,153,059","30,995","7,882,590","18,195","194,020"
478,VIRGINIA,2010,"$14,919,831.00","$8,049,137.00","93,965","91,877","1,158,541","31,911","8,023,953","17,184","187,403"
479,VIRGINIA,2011,"$14,675,815.00","$7,861,076.00","93,770","93,361","1,162,309","30,531","8,104,384","16,014","182,902"
480,VIRGINIA,2012,"$15,129,464.00","$8,123,166.00","94,005","93,787","1,168,484","29,708","8,186,628","15,676","178,434"
481,VIRGINIA,2013,"$15,634,918.00","$8,445,746.00","95,625","95,778","1,177,767","29,985","8,270,345","16,355","171,558"
482,WASHINGTON,2001,"$8,026,334.00","$3,984,476.00","78,504","77,933","940,920","15,226","5,993,390","21,258","287,234"
483,WASHINGTON,2002,"$8,362,656.00","$4,182,265.00","77,053","79,857","945,331","16,263","6,067,060","20,964","288,967"
484,WASHINGTON,2003,"$8,802,387.00","$4,332,487.00","75,108","82,274","950,686","16,227","6,131,298","21,272","291,542"
485,WASHINGTON,2004,"$9,009,980.00","$4,446,860.00","75,151","80,918","948,786","16,503","6,207,046","21,330","300,837"
486,WASHINGTON,2005,"$9,399,603.00","$4,629,347.00","74,401","81,440","959,341","16,781","6,291,899","21,745","307,661"
487,WASHINGTON,2006,"$9,915,617.00","$4,826,779.00","75,695","80,022","954,166","16,827","6,395,798","22,303","288,456"
488,WASHINGTON,2007,"$10,682,397.00","$5,148,806.00","76,673","78,219","958,082","16,911","6,468,424","21,768","261,776"
489,WASHINGTON,2008,"$11,677,666.00","$5,561,706.00","77,999","78,902","963,187","17,188","6,549,224","21,888","249,283"
490,WASHINGTON,2009,"$12,240,632.00","$5,984,072.00","78,270","77,206","960,800","17,255","6,664,195","22,412","245,215"
491,WASHINGTON,2010,"$11,820,814.00","$5,934,710.00","78,546","78,448","967,855","17,028","6,742,950","21,138","249,426"
492,WASHINGTON,2011,"$11,928,408.00","$6,007,184.00","77,051","78,891","967,439","17,109","6,823,267","20,152","244,209"
493,WASHINGTON,2012,"$12,187,889.00","$5,866,729.00","78,244","79,272","970,905","16,919","6,895,318","20,553","254,377"
494,WASHINGTON,2013,"$12,097,549.00","$5,911,337.00","78,929","79,953","977,377","17,760","6,973,742","20,223","259,139"
495,WASHINGTON,2014,"$12,806,300.00","$6,267,816.00","79,721","80,391","992,426","17,180","7,061,530","20,136","261,706"
496,WEST_VIRGINIA,2001,"$2,310,098.00","$1,306,105.00","21,561","21,650","262,131","3,403","1,800,975","5,035","41,085"
497,WEST_VIRGINIA,2002,"$2,427,316.00","$1,346,601.00","21,041","21,943","261,628","3,575","1,804,884","4,221","41,099"
498,WEST_VIRGINIA,2003,"$2,524,444.00","$1,420,396.00","20,753","22,255","260,260","3,790","1,811,440","4,627","42,370"
499,WEST_VIRGINIA,2004,"$2,603,996.00","$1,458,141.00","20,670","22,582","259,186","3,990","1,812,548","5,110","46,326"
500,WEST_VIRGINIA,2005,"$2,698,703.00","$1,524,187.00","19,999","22,147","259,237","4,036","1,814,083","4,968","47,757"
501,WEST_VIRGINIA,2006,"$2,852,607.00","$1,569,685.00","19,935","21,541","257,631","4,367","1,818,470","5,113","47,941"
502,WEST_VIRGINIA,2007,"$2,983,267.00","$1,608,247.00","20,217","21,330","261,235","4,907","1,812,035","5,016","45,620"
503,WEST_VIRGINIA,2008,"$3,068,910.00","$1,667,812.00","20,162","21,268","261,810","4,896","1,814,468","5,006","45,971"
504,WEST_VIRGINIA,2009,"$3,121,728.00","$1,759,397.00","20,790","20,516","261,208","5,062","1,819,777","5,554","46,215"
505,WEST_VIRGINIA,2010,"$3,484,593.00","$1,978,226.00","20,493","20,455","261,623","5,072","1,854,368","5,586","41,301"
506,WEST_VIRGINIA,2011,"$3,670,119.00","$2,010,407.00","20,748","20,778","261,698","5,149","1,854,908","5,497","39,009"
507,WEST_VIRGINIA,2012,"$3,536,971.00","$1,893,954.00","20,181","20,521","261,259","5,335","1,856,680","5,943","44,500"
508,WEST_VIRGINIA,2013,"$3,488,877.00","$1,828,234.00","20,418","20,634","259,417","5,708","1,853,595","5,657","39,929"
509,WEST_VIRGINIA,2014,"$3,499,873.00","$1,823,665.00","20,196","20,501","259,450","5,867","1,850,326","5,588","37,648"
510,WISCONSIN,2001,"$8,574,804.00","$4,434,212.00","63,509","66,558","821,892","20,766","5,405,947","12,486","166,924"
511,WISCONSIN,2002,"$8,863,966.00","$4,642,886.00","62,436","67,751","823,561","21,666","5,439,692","12,238","164,749"
512,WISCONSIN,2003,"$9,128,279.00","$4,844,788.00","61,744","68,663","820,659","22,153","5,474,290","12,104","157,684"
513,WISCONSIN,2004,"$9,126,345.00","$4,936,038.00","59,267","67,168","806,033","22,152","5,503,533","11,548","146,710"
514,WISCONSIN,2005,"$9,433,502.00","$5,128,207.00","59,984","66,985","814,792","21,921","5,527,644","13,367","147,556"
515,WISCONSIN,2006,"$9,779,642.00","$5,290,595.00","59,356","65,606","816,292","22,564","5,556,506","15,899","156,748"
516,WISCONSIN,2007,"$9,988,878.00","$5,459,295.00","59,995","64,135","815,043","22,839","5,601,640","16,330","159,305"
517,WISCONSIN,2008,"$10,545,964.00","$5,619,617.00","60,319","62,317","813,366","22,282","5,627,967","15,507","155,456"
518,WISCONSIN,2009,"$10,880,480.00","$5,857,285.00","61,242","61,748","811,342","22,262","5,654,774","14,650","147,692"
519,WISCONSIN,2010,"$11,116,821.00","$5,994,721.00","61,015","61,337","811,565","22,033","5,691,659","14,167","142,781"
520,WISCONSIN,2011,"$11,440,718.00","$6,138,402.00","60,094","61,413","810,230","22,388","5,709,843","14,268","139,912"
521,WISCONSIN,2012,"$10,724,377.00","$5,631,108.00","60,670","61,857","810,014","22,419","5,724,554","16,254","140,780"
522,WISCONSIN,2013,"$10,845,059.00","$5,637,545.00","61,393","62,721","812,892","22,443","5,742,953","16,118","125,694"
523,WISCONSIN,2014,"$11,255,186.00","$5,685,955.00","60,795","62,034","811,008","22,572","5,757,564","16,714","120,238"
524,WYOMING,2005,"$1,033,603.00","$510,498.00","6,111","6,819","78,028","2,096","508,798","1,172","16,070"
525,WYOMING,2006,"$1,146,527.00","$571,127.00","6,191","6,697","78,618","2,035","515,004","1,307","15,381"
526,WYOMING,2007,"$1,390,344.00","$661,713.00","6,493","6,711","79,531","1,927","522,830","1,344","15,053"
527,WYOMING,2008,"$1,517,325.00","$703,831.00","6,608","6,456","79,946","1,704","532,668","1,330","14,515"
528,WYOMING,2009,"$1,658,156.00","$744,877.00","6,683","6,606","80,749","1,743","544,270","1,196","14,243"
529,WYOMING,2010,"$1,696,177.00","$787,627.00","6,694","6,657","81,398","2,092","564,554","1,117","13,869"
530,WYOMING,2011,"$1,656,850.00","$825,783.00","6,790","6,796","82,226","2,162","567,356","1,245","12,878"
531,WYOMING,2012,"$1,670,728.00","$845,801.00","7,127","6,874","83,402","2,187","576,626","1,161","13,222"
532,WYOMING,2013,"$1,675,477.00","$846,872.00","7,086","6,867","84,591","2,288","583,223","1,212","12,809"
533,WYOMING,2014,"$1,775,999.00","$865,932.00","7,438","6,927","86,070","2,369","584,153","1,142","11,477"
